"experiment","experiment_id","seed","dataset","metric","value","status","protocol_group","checkpoint","source_file","component","enabled"
"one_seed_33_fafem_warmup_cosine","Exp33","42","CVC-300","mDice","0.8822600995500882","VALID FOR FINAL ABLATION","P-WC200-LW","C:\Users\jafari.h\Desktop\ai_project\ConvNeXt_Unet\one_seed_results\ablation\33_fafem_warmup_cosine\seed_42\best_checkpoint.pth","one_seed_results\ablation\33_fafem_warmup_cosine\seed_42\evaluation_summary.json","",""
"one_seed_33_fafem_warmup_cosine","Exp33","42","CVC-300","mIoU","0.8097068515916666","VALID FOR FINAL ABLATION","P-WC200-LW","C:\Users\jafari.h\Desktop\ai_project\ConvNeXt_Unet\one_seed_results\ablation\33_fafem_warmup_cosine\seed_42\best_checkpoint.pth","one_seed_results\ablation\33_fafem_warmup_cosine\seed_42\evaluation_summary.json","",""
"one_seed_33_fafem_warmup_cosine","Exp33","42","CVC-300","S_alpha","0.9283914920134092","VALID FOR FINAL ABLATION","P-WC200-LW","C:\Users\jafari.h\Desktop\ai_project\ConvNeXt_Unet\one_seed_results\ablation\33_fafem_warmup_cosine\seed_42\best_checkpoint.pth","one_seed_results\ablation\33_fafem_warmup_cosine\seed_42\evaluation_summary.json","",""
"one_seed_33_fafem_warmup_cosine","Exp33","42","CVC-300","F_beta_w","0.8558267116536176","VALID FOR FINAL ABLATION","P-WC200-LW","C:\Users\jafari.h\Desktop\ai_project\ConvNeXt_Unet\one_seed_results\ablation\33_fafem_warmup_cosine\seed_42\best_checkpoint.pth","one_seed_results\ablation\33_fafem_warmup_cosine\seed_42\evaluation_summary.json","",""
"one_seed_33_fafem_warmup_cosine","Exp33","42","CVC-300","maxE_phi","0.9686055833899161","VALID FOR FINAL ABLATION","P-WC200-LW","C:\Users\jafari.h\Desktop\ai_project\ConvNeXt_Unet\one_seed_results\ablation\33_fafem_warmup_cosine\seed_42\best_checkpoint.pth","one_seed_results\ablation\33_fafem_warmup_cosine\seed_42\evaluation_summary.json","",""
"one_seed_33_fafem_warmup_cosine","Exp33","42","CVC-300","mE_phi","0.9526623988268242","VALID FOR FINAL ABLATION","P-WC200-LW","C:\Users\jafari.h\Desktop\ai_project\ConvNeXt_Unet\one_seed_results\ablation\33_fafem_warmup_cosine\seed_42\best_checkpoint.pth","one_seed_results\ablation\33_fafem_warmup_cosine\seed_42\evaluation_summary.json","",""
"one_seed_33_fafem_warmup_cosine","Exp33","42","CVC-300","MAE","0.007638788975225592","VALID FOR FINAL ABLATION","P-WC200-LW","C:\Users\jafari.h\Desktop\ai_project\ConvNeXt_Unet\one_seed_results\ablation\33_fafem_warmup_cosine\seed_42\best_checkpoint.pth","one_seed_results\ablation\33_fafem_warmup_cosine\seed_42\evaluation_summary.json","",""
"one_seed_33_fafem_warmup_cosine","Exp33","42","CVC-ClinicDB","mDice","0.9388944035576235","VALID FOR FINAL ABLATION","P-WC200-LW","C:\Users\jafari.h\Desktop\ai_project\ConvNeXt_Unet\one_seed_results\ablation\33_fafem_warmup_cosine\seed_42\best_checkpoint.pth","one_seed_results\ablation\33_fafem_warmup_cosine\seed_42\evaluation_summary.json","",""
"one_seed_33_fafem_warmup_cosine","Exp33","42","CVC-ClinicDB","mIoU","0.889909230893658","VALID FOR FINAL ABLATION","P-WC200-LW","C:\Users\jafari.h\Desktop\ai_project\ConvNeXt_Unet\one_seed_results\ablation\33_fafem_warmup_cosine\seed_42\best_checkpoint.pth","one_seed_results\ablation\33_fafem_warmup_cosine\seed_42\evaluation_summary.json","",""
"one_seed_33_fafem_warmup_cosine","Exp33","42","CVC-ClinicDB","S_alpha","0.9485061476379687","VALID FOR FINAL ABLATION","P-WC200-LW","C:\Users\jafari.h\Desktop\ai_project\ConvNeXt_Unet\one_seed_results\ablation\33_fafem_warmup_cosine\seed_42\best_checkpoint.pth","one_seed_results\ablation\33_fafem_warmup_cosine\seed_42\evaluation_summary.json","",""
"one_seed_33_fafem_warmup_cosine","Exp33","42","CVC-ClinicDB","F_beta_w","0.9271648482301974","VALID FOR FINAL ABLATION","P-WC200-LW","C:\Users\jafari.h\Desktop\ai_project\ConvNeXt_Unet\one_seed_results\ablation\33_fafem_warmup_cosine\seed_42\best_checkpoint.pth","one_seed_results\ablation\33_fafem_warmup_cosine\seed_42\evaluation_summary.json","",""
"one_seed_33_fafem_warmup_cosine","Exp33","42","CVC-ClinicDB","maxE_phi","0.9880841388110422","VALID FOR FINAL ABLATION","P-WC200-LW","C:\Users\jafari.h\Desktop\ai_project\ConvNeXt_Unet\one_seed_results\ablation\33_fafem_warmup_cosine\seed_42\best_checkpoint.pth","one_seed_results\ablation\33_fafem_warmup_cosine\seed_42\evaluation_summary.json","",""
"one_seed_33_fafem_warmup_cosine","Exp33","42","CVC-ClinicDB","mE_phi","0.9795500849455978","VALID FOR FINAL ABLATION","P-WC200-LW","C:\Users\jafari.h\Desktop\ai_project\ConvNeXt_Unet\one_seed_results\ablation\33_fafem_warmup_cosine\seed_42\best_checkpoint.pth","one_seed_results\ablation\33_fafem_warmup_cosine\seed_42\evaluation_summary.json","",""
"one_seed_33_fafem_warmup_cosine","Exp33","42","CVC-ClinicDB","MAE","0.010462071293783601","VALID FOR FINAL ABLATION","P-WC200-LW","C:\Users\jafari.h\Desktop\ai_project\ConvNeXt_Unet\one_seed_results\ablation\33_fafem_warmup_cosine\seed_42\best_checkpoint.pth","one_seed_results\ablation\33_fafem_warmup_cosine\seed_42\evaluation_summary.json","",""
"one_seed_33_fafem_warmup_cosine","Exp33","42","CVC-ColonDB","mDice","0.7856655160305454","VALID FOR FINAL ABLATION","P-WC200-LW","C:\Users\jafari.h\Desktop\ai_project\ConvNeXt_Unet\one_seed_results\ablation\33_fafem_warmup_cosine\seed_42\best_checkpoint.pth","one_seed_results\ablation\33_fafem_warmup_cosine\seed_42\evaluation_summary.json","",""
"one_seed_33_fafem_warmup_cosine","Exp33","42","CVC-ColonDB","mIoU","0.7039859534532539","VALID FOR FINAL ABLATION","P-WC200-LW","C:\Users\jafari.h\Desktop\ai_project\ConvNeXt_Unet\one_seed_results\ablation\33_fafem_warmup_cosine\seed_42\best_checkpoint.pth","one_seed_results\ablation\33_fafem_warmup_cosine\seed_42\evaluation_summary.json","",""
"one_seed_33_fafem_warmup_cosine","Exp33","42","CVC-ColonDB","S_alpha","0.8570030960675958","VALID FOR FINAL ABLATION","P-WC200-LW","C:\Users\jafari.h\Desktop\ai_project\ConvNeXt_Unet\one_seed_results\ablation\33_fafem_warmup_cosine\seed_42\best_checkpoint.pth","one_seed_results\ablation\33_fafem_warmup_cosine\seed_42\evaluation_summary.json","",""
"one_seed_33_fafem_warmup_cosine","Exp33","42","CVC-ColonDB","F_beta_w","0.7599288504562002","VALID FOR FINAL ABLATION","P-WC200-LW","C:\Users\jafari.h\Desktop\ai_project\ConvNeXt_Unet\one_seed_results\ablation\33_fafem_warmup_cosine\seed_42\best_checkpoint.pth","one_seed_results\ablation\33_fafem_warmup_cosine\seed_42\evaluation_summary.json","",""
"one_seed_33_fafem_warmup_cosine","Exp33","42","CVC-ColonDB","maxE_phi","0.8938695523070207","VALID FOR FINAL ABLATION","P-WC200-LW","C:\Users\jafari.h\Desktop\ai_project\ConvNeXt_Unet\one_seed_results\ablation\33_fafem_warmup_cosine\seed_42\best_checkpoint.pth","one_seed_results\ablation\33_fafem_warmup_cosine\seed_42\evaluation_summary.json","",""
"one_seed_33_fafem_warmup_cosine","Exp33","42","CVC-ColonDB","mE_phi","0.8877645408024767","VALID FOR FINAL ABLATION","P-WC200-LW","C:\Users\jafari.h\Desktop\ai_project\ConvNeXt_Unet\one_seed_results\ablation\33_fafem_warmup_cosine\seed_42\best_checkpoint.pth","one_seed_results\ablation\33_fafem_warmup_cosine\seed_42\evaluation_summary.json","",""
"one_seed_33_fafem_warmup_cosine","Exp33","42","CVC-ColonDB","MAE","0.03488253626234444","VALID FOR FINAL ABLATION","P-WC200-LW","C:\Users\jafari.h\Desktop\ai_project\ConvNeXt_Unet\one_seed_results\ablation\33_fafem_warmup_cosine\seed_42\best_checkpoint.pth","one_seed_results\ablation\33_fafem_warmup_cosine\seed_42\evaluation_summary.json","",""
"one_seed_33_fafem_warmup_cosine","Exp33","42","ETIS-LaribPolypDB","mDice","0.7748825238306335","VALID FOR FINAL ABLATION","P-WC200-LW","C:\Users\jafari.h\Desktop\ai_project\ConvNeXt_Unet\one_seed_results\ablation\33_fafem_warmup_cosine\seed_42\best_checkpoint.pth","one_seed_results\ablation\33_fafem_warmup_cosine\seed_42\evaluation_summary.json","",""
"one_seed_33_fafem_warmup_cosine","Exp33","42","ETIS-LaribPolypDB","mIoU","0.6987985587252679","VALID FOR FINAL ABLATION","P-WC200-LW","C:\Users\jafari.h\Desktop\ai_project\ConvNeXt_Unet\one_seed_results\ablation\33_fafem_warmup_cosine\seed_42\best_checkpoint.pth","one_seed_results\ablation\33_fafem_warmup_cosine\seed_42\evaluation_summary.json","",""
"one_seed_33_fafem_warmup_cosine","Exp33","42","ETIS-LaribPolypDB","S_alpha","0.8693377819268278","VALID FOR FINAL ABLATION","P-WC200-LW","C:\Users\jafari.h\Desktop\ai_project\ConvNeXt_Unet\one_seed_results\ablation\33_fafem_warmup_cosine\seed_42\best_checkpoint.pth","one_seed_results\ablation\33_fafem_warmup_cosine\seed_42\evaluation_summary.json","",""
"one_seed_33_fafem_warmup_cosine","Exp33","42","ETIS-LaribPolypDB","F_beta_w","0.7343886373328683","VALID FOR FINAL ABLATION","P-WC200-LW","C:\Users\jafari.h\Desktop\ai_project\ConvNeXt_Unet\one_seed_results\ablation\33_fafem_warmup_cosine\seed_42\best_checkpoint.pth","one_seed_results\ablation\33_fafem_warmup_cosine\seed_42\evaluation_summary.json","",""
"one_seed_33_fafem_warmup_cosine","Exp33","42","ETIS-LaribPolypDB","maxE_phi","0.9080254262774782","VALID FOR FINAL ABLATION","P-WC200-LW","C:\Users\jafari.h\Desktop\ai_project\ConvNeXt_Unet\one_seed_results\ablation\33_fafem_warmup_cosine\seed_42\best_checkpoint.pth","one_seed_results\ablation\33_fafem_warmup_cosine\seed_42\evaluation_summary.json","",""
"one_seed_33_fafem_warmup_cosine","Exp33","42","ETIS-LaribPolypDB","mE_phi","0.886592055958076","VALID FOR FINAL ABLATION","P-WC200-LW","C:\Users\jafari.h\Desktop\ai_project\ConvNeXt_Unet\one_seed_results\ablation\33_fafem_warmup_cosine\seed_42\best_checkpoint.pth","one_seed_results\ablation\33_fafem_warmup_cosine\seed_42\evaluation_summary.json","",""
"one_seed_33_fafem_warmup_cosine","Exp33","42","ETIS-LaribPolypDB","MAE","0.015300892836592623","VALID FOR FINAL ABLATION","P-WC200-LW","C:\Users\jafari.h\Desktop\ai_project\ConvNeXt_Unet\one_seed_results\ablation\33_fafem_warmup_cosine\seed_42\best_checkpoint.pth","one_seed_results\ablation\33_fafem_warmup_cosine\seed_42\evaluation_summary.json","",""
"one_seed_33_fafem_warmup_cosine","Exp33","42","Kvasir-SEG","mDice","0.9275923869013787","VALID FOR FINAL ABLATION","P-WC200-LW","C:\Users\jafari.h\Desktop\ai_project\ConvNeXt_Unet\one_seed_results\ablation\33_fafem_warmup_cosine\seed_42\best_checkpoint.pth","one_seed_results\ablation\33_fafem_warmup_cosine\seed_42\evaluation_summary.json","",""
"one_seed_33_fafem_warmup_cosine","Exp33","42","Kvasir-SEG","mIoU","0.8778297072649002","VALID FOR FINAL ABLATION","P-WC200-LW","C:\Users\jafari.h\Desktop\ai_project\ConvNeXt_Unet\one_seed_results\ablation\33_fafem_warmup_cosine\seed_42\best_checkpoint.pth","one_seed_results\ablation\33_fafem_warmup_cosine\seed_42\evaluation_summary.json","",""
"one_seed_33_fafem_warmup_cosine","Exp33","42","Kvasir-SEG","S_alpha","0.9329588890817836","VALID FOR FINAL ABLATION","P-WC200-LW","C:\Users\jafari.h\Desktop\ai_project\ConvNeXt_Unet\one_seed_results\ablation\33_fafem_warmup_cosine\seed_42\best_checkpoint.pth","one_seed_results\ablation\33_fafem_warmup_cosine\seed_42\evaluation_summary.json","",""
"one_seed_33_fafem_warmup_cosine","Exp33","42","Kvasir-SEG","F_beta_w","0.9074640909679565","VALID FOR FINAL ABLATION","P-WC200-LW","C:\Users\jafari.h\Desktop\ai_project\ConvNeXt_Unet\one_seed_results\ablation\33_fafem_warmup_cosine\seed_42\best_checkpoint.pth","one_seed_results\ablation\33_fafem_warmup_cosine\seed_42\evaluation_summary.json","",""
"one_seed_33_fafem_warmup_cosine","Exp33","42","Kvasir-SEG","maxE_phi","0.9658535753901516","VALID FOR FINAL ABLATION","P-WC200-LW","C:\Users\jafari.h\Desktop\ai_project\ConvNeXt_Unet\one_seed_results\ablation\33_fafem_warmup_cosine\seed_42\best_checkpoint.pth","one_seed_results\ablation\33_fafem_warmup_cosine\seed_42\evaluation_summary.json","",""
"one_seed_33_fafem_warmup_cosine","Exp33","42","Kvasir-SEG","mE_phi","0.9597120177946152","VALID FOR FINAL ABLATION","P-WC200-LW","C:\Users\jafari.h\Desktop\ai_project\ConvNeXt_Unet\one_seed_results\ablation\33_fafem_warmup_cosine\seed_42\best_checkpoint.pth","one_seed_results\ablation\33_fafem_warmup_cosine\seed_42\evaluation_summary.json","",""
"one_seed_33_fafem_warmup_cosine","Exp33","42","Kvasir-SEG","MAE","0.024522666074725873","VALID FOR FINAL ABLATION","P-WC200-LW","C:\Users\jafari.h\Desktop\ai_project\ConvNeXt_Unet\one_seed_results\ablation\33_fafem_warmup_cosine\seed_42\best_checkpoint.pth","one_seed_results\ablation\33_fafem_warmup_cosine\seed_42\evaluation_summary.json","",""
"one_seed_33_fafem_warmup_cosine","Exp33","6543","CVC-300","mDice","0.8902868116895358","VALID FOR FINAL ABLATION","P-WC200-LW","C:\Users\jafari.h\Desktop\ai_project\ConvNeXt_Unet\one_seed_results\ablation\33_fafem_warmup_cosine\seed_6543\best_checkpoint.pth","one_seed_results\ablation\33_fafem_warmup_cosine\seed_6543\evaluation_summary.json","",""
"one_seed_33_fafem_warmup_cosine","Exp33","6543","CVC-300","mIoU","0.8151826898256938","VALID FOR FINAL ABLATION","P-WC200-LW","C:\Users\jafari.h\Desktop\ai_project\ConvNeXt_Unet\one_seed_results\ablation\33_fafem_warmup_cosine\seed_6543\best_checkpoint.pth","one_seed_results\ablation\33_fafem_warmup_cosine\seed_6543\evaluation_summary.json","",""
"one_seed_33_fafem_warmup_cosine","Exp33","6543","CVC-300","S_alpha","0.9311385967538441","VALID FOR FINAL ABLATION","P-WC200-LW","C:\Users\jafari.h\Desktop\ai_project\ConvNeXt_Unet\one_seed_results\ablation\33_fafem_warmup_cosine\seed_6543\best_checkpoint.pth","one_seed_results\ablation\33_fafem_warmup_cosine\seed_6543\evaluation_summary.json","",""
"one_seed_33_fafem_warmup_cosine","Exp33","6543","CVC-300","F_beta_w","0.8658423223669208","VALID FOR FINAL ABLATION","P-WC200-LW","C:\Users\jafari.h\Desktop\ai_project\ConvNeXt_Unet\one_seed_results\ablation\33_fafem_warmup_cosine\seed_6543\best_checkpoint.pth","one_seed_results\ablation\33_fafem_warmup_cosine\seed_6543\evaluation_summary.json","",""
"one_seed_33_fafem_warmup_cosine","Exp33","6543","CVC-300","maxE_phi","0.973746711687151","VALID FOR FINAL ABLATION","P-WC200-LW","C:\Users\jafari.h\Desktop\ai_project\ConvNeXt_Unet\one_seed_results\ablation\33_fafem_warmup_cosine\seed_6543\best_checkpoint.pth","one_seed_results\ablation\33_fafem_warmup_cosine\seed_6543\evaluation_summary.json","",""
"one_seed_33_fafem_warmup_cosine","Exp33","6543","CVC-300","mE_phi","0.96284976122969","VALID FOR FINAL ABLATION","P-WC200-LW","C:\Users\jafari.h\Desktop\ai_project\ConvNeXt_Unet\one_seed_results\ablation\33_fafem_warmup_cosine\seed_6543\best_checkpoint.pth","one_seed_results\ablation\33_fafem_warmup_cosine\seed_6543\evaluation_summary.json","",""
"one_seed_33_fafem_warmup_cosine","Exp33","6543","CVC-300","MAE","0.006922234307891911","VALID FOR FINAL ABLATION","P-WC200-LW","C:\Users\jafari.h\Desktop\ai_project\ConvNeXt_Unet\one_seed_results\ablation\33_fafem_warmup_cosine\seed_6543\best_checkpoint.pth","one_seed_results\ablation\33_fafem_warmup_cosine\seed_6543\evaluation_summary.json","",""
"one_seed_33_fafem_warmup_cosine","Exp33","6543","CVC-ClinicDB","mDice","0.9374064283986245","VALID FOR FINAL ABLATION","P-WC200-LW","C:\Users\jafari.h\Desktop\ai_project\ConvNeXt_Unet\one_seed_results\ablation\33_fafem_warmup_cosine\seed_6543\best_checkpoint.pth","one_seed_results\ablation\33_fafem_warmup_cosine\seed_6543\evaluation_summary.json","",""
"one_seed_33_fafem_warmup_cosine","Exp33","6543","CVC-ClinicDB","mIoU","0.8865000966095156","VALID FOR FINAL ABLATION","P-WC200-LW","C:\Users\jafari.h\Desktop\ai_project\ConvNeXt_Unet\one_seed_results\ablation\33_fafem_warmup_cosine\seed_6543\best_checkpoint.pth","one_seed_results\ablation\33_fafem_warmup_cosine\seed_6543\evaluation_summary.json","",""
"one_seed_33_fafem_warmup_cosine","Exp33","6543","CVC-ClinicDB","S_alpha","0.9476702009534348","VALID FOR FINAL ABLATION","P-WC200-LW","C:\Users\jafari.h\Desktop\ai_project\ConvNeXt_Unet\one_seed_results\ablation\33_fafem_warmup_cosine\seed_6543\best_checkpoint.pth","one_seed_results\ablation\33_fafem_warmup_cosine\seed_6543\evaluation_summary.json","",""
"one_seed_33_fafem_warmup_cosine","Exp33","6543","CVC-ClinicDB","F_beta_w","0.9238497017838619","VALID FOR FINAL ABLATION","P-WC200-LW","C:\Users\jafari.h\Desktop\ai_project\ConvNeXt_Unet\one_seed_results\ablation\33_fafem_warmup_cosine\seed_6543\best_checkpoint.pth","one_seed_results\ablation\33_fafem_warmup_cosine\seed_6543\evaluation_summary.json","",""
"one_seed_33_fafem_warmup_cosine","Exp33","6543","CVC-ClinicDB","maxE_phi","0.9884197607128428","VALID FOR FINAL ABLATION","P-WC200-LW","C:\Users\jafari.h\Desktop\ai_project\ConvNeXt_Unet\one_seed_results\ablation\33_fafem_warmup_cosine\seed_6543\best_checkpoint.pth","one_seed_results\ablation\33_fafem_warmup_cosine\seed_6543\evaluation_summary.json","",""
"one_seed_33_fafem_warmup_cosine","Exp33","6543","CVC-ClinicDB","mE_phi","0.9790173086869831","VALID FOR FINAL ABLATION","P-WC200-LW","C:\Users\jafari.h\Desktop\ai_project\ConvNeXt_Unet\one_seed_results\ablation\33_fafem_warmup_cosine\seed_6543\best_checkpoint.pth","one_seed_results\ablation\33_fafem_warmup_cosine\seed_6543\evaluation_summary.json","",""
"one_seed_33_fafem_warmup_cosine","Exp33","6543","CVC-ClinicDB","MAE","0.010570818028742207","VALID FOR FINAL ABLATION","P-WC200-LW","C:\Users\jafari.h\Desktop\ai_project\ConvNeXt_Unet\one_seed_results\ablation\33_fafem_warmup_cosine\seed_6543\best_checkpoint.pth","one_seed_results\ablation\33_fafem_warmup_cosine\seed_6543\evaluation_summary.json","",""
"one_seed_33_fafem_warmup_cosine","Exp33","6543","CVC-ColonDB","mDice","0.7839943887952687","VALID FOR FINAL ABLATION","P-WC200-LW","C:\Users\jafari.h\Desktop\ai_project\ConvNeXt_Unet\one_seed_results\ablation\33_fafem_warmup_cosine\seed_6543\best_checkpoint.pth","one_seed_results\ablation\33_fafem_warmup_cosine\seed_6543\evaluation_summary.json","",""
"one_seed_33_fafem_warmup_cosine","Exp33","6543","CVC-ColonDB","mIoU","0.7029739629476107","VALID FOR FINAL ABLATION","P-WC200-LW","C:\Users\jafari.h\Desktop\ai_project\ConvNeXt_Unet\one_seed_results\ablation\33_fafem_warmup_cosine\seed_6543\best_checkpoint.pth","one_seed_results\ablation\33_fafem_warmup_cosine\seed_6543\evaluation_summary.json","",""
"one_seed_33_fafem_warmup_cosine","Exp33","6543","CVC-ColonDB","S_alpha","0.8563116119678378","VALID FOR FINAL ABLATION","P-WC200-LW","C:\Users\jafari.h\Desktop\ai_project\ConvNeXt_Unet\one_seed_results\ablation\33_fafem_warmup_cosine\seed_6543\best_checkpoint.pth","one_seed_results\ablation\33_fafem_warmup_cosine\seed_6543\evaluation_summary.json","",""
"one_seed_33_fafem_warmup_cosine","Exp33","6543","CVC-ColonDB","F_beta_w","0.7614934665187015","VALID FOR FINAL ABLATION","P-WC200-LW","C:\Users\jafari.h\Desktop\ai_project\ConvNeXt_Unet\one_seed_results\ablation\33_fafem_warmup_cosine\seed_6543\best_checkpoint.pth","one_seed_results\ablation\33_fafem_warmup_cosine\seed_6543\evaluation_summary.json","",""
"one_seed_33_fafem_warmup_cosine","Exp33","6543","CVC-ColonDB","maxE_phi","0.8961167114599883","VALID FOR FINAL ABLATION","P-WC200-LW","C:\Users\jafari.h\Desktop\ai_project\ConvNeXt_Unet\one_seed_results\ablation\33_fafem_warmup_cosine\seed_6543\best_checkpoint.pth","one_seed_results\ablation\33_fafem_warmup_cosine\seed_6543\evaluation_summary.json","",""
"one_seed_33_fafem_warmup_cosine","Exp33","6543","CVC-ColonDB","mE_phi","0.8902709795820865","VALID FOR FINAL ABLATION","P-WC200-LW","C:\Users\jafari.h\Desktop\ai_project\ConvNeXt_Unet\one_seed_results\ablation\33_fafem_warmup_cosine\seed_6543\best_checkpoint.pth","one_seed_results\ablation\33_fafem_warmup_cosine\seed_6543\evaluation_summary.json","",""
"one_seed_33_fafem_warmup_cosine","Exp33","6543","CVC-ColonDB","MAE","0.03510493958712163","VALID FOR FINAL ABLATION","P-WC200-LW","C:\Users\jafari.h\Desktop\ai_project\ConvNeXt_Unet\one_seed_results\ablation\33_fafem_warmup_cosine\seed_6543\best_checkpoint.pth","one_seed_results\ablation\33_fafem_warmup_cosine\seed_6543\evaluation_summary.json","",""
"one_seed_33_fafem_warmup_cosine","Exp33","6543","ETIS-LaribPolypDB","mDice","0.7945766854084918","VALID FOR FINAL ABLATION","P-WC200-LW","C:\Users\jafari.h\Desktop\ai_project\ConvNeXt_Unet\one_seed_results\ablation\33_fafem_warmup_cosine\seed_6543\best_checkpoint.pth","one_seed_results\ablation\33_fafem_warmup_cosine\seed_6543\evaluation_summary.json","",""
"one_seed_33_fafem_warmup_cosine","Exp33","6543","ETIS-LaribPolypDB","mIoU","0.7138549168151522","VALID FOR FINAL ABLATION","P-WC200-LW","C:\Users\jafari.h\Desktop\ai_project\ConvNeXt_Unet\one_seed_results\ablation\33_fafem_warmup_cosine\seed_6543\best_checkpoint.pth","one_seed_results\ablation\33_fafem_warmup_cosine\seed_6543\evaluation_summary.json","",""
"one_seed_33_fafem_warmup_cosine","Exp33","6543","ETIS-LaribPolypDB","S_alpha","0.8807342721619952","VALID FOR FINAL ABLATION","P-WC200-LW","C:\Users\jafari.h\Desktop\ai_project\ConvNeXt_Unet\one_seed_results\ablation\33_fafem_warmup_cosine\seed_6543\best_checkpoint.pth","one_seed_results\ablation\33_fafem_warmup_cosine\seed_6543\evaluation_summary.json","",""
"one_seed_33_fafem_warmup_cosine","Exp33","6543","ETIS-LaribPolypDB","F_beta_w","0.7617397777346662","VALID FOR FINAL ABLATION","P-WC200-LW","C:\Users\jafari.h\Desktop\ai_project\ConvNeXt_Unet\one_seed_results\ablation\33_fafem_warmup_cosine\seed_6543\best_checkpoint.pth","one_seed_results\ablation\33_fafem_warmup_cosine\seed_6543\evaluation_summary.json","",""
"one_seed_33_fafem_warmup_cosine","Exp33","6543","ETIS-LaribPolypDB","maxE_phi","0.9116025467675826","VALID FOR FINAL ABLATION","P-WC200-LW","C:\Users\jafari.h\Desktop\ai_project\ConvNeXt_Unet\one_seed_results\ablation\33_fafem_warmup_cosine\seed_6543\best_checkpoint.pth","one_seed_results\ablation\33_fafem_warmup_cosine\seed_6543\evaluation_summary.json","",""
"one_seed_33_fafem_warmup_cosine","Exp33","6543","ETIS-LaribPolypDB","mE_phi","0.8987955236059741","VALID FOR FINAL ABLATION","P-WC200-LW","C:\Users\jafari.h\Desktop\ai_project\ConvNeXt_Unet\one_seed_results\ablation\33_fafem_warmup_cosine\seed_6543\best_checkpoint.pth","one_seed_results\ablation\33_fafem_warmup_cosine\seed_6543\evaluation_summary.json","",""
"one_seed_33_fafem_warmup_cosine","Exp33","6543","ETIS-LaribPolypDB","MAE","0.014244630894402793","VALID FOR FINAL ABLATION","P-WC200-LW","C:\Users\jafari.h\Desktop\ai_project\ConvNeXt_Unet\one_seed_results\ablation\33_fafem_warmup_cosine\seed_6543\best_checkpoint.pth","one_seed_results\ablation\33_fafem_warmup_cosine\seed_6543\evaluation_summary.json","",""
"one_seed_33_fafem_warmup_cosine","Exp33","6543","Kvasir-SEG","mDice","0.9232848525047302","VALID FOR FINAL ABLATION","P-WC200-LW","C:\Users\jafari.h\Desktop\ai_project\ConvNeXt_Unet\one_seed_results\ablation\33_fafem_warmup_cosine\seed_6543\best_checkpoint.pth","one_seed_results\ablation\33_fafem_warmup_cosine\seed_6543\evaluation_summary.json","",""
"one_seed_33_fafem_warmup_cosine","Exp33","6543","Kvasir-SEG","mIoU","0.8723605236411095","VALID FOR FINAL ABLATION","P-WC200-LW","C:\Users\jafari.h\Desktop\ai_project\ConvNeXt_Unet\one_seed_results\ablation\33_fafem_warmup_cosine\seed_6543\best_checkpoint.pth","one_seed_results\ablation\33_fafem_warmup_cosine\seed_6543\evaluation_summary.json","",""
"one_seed_33_fafem_warmup_cosine","Exp33","6543","Kvasir-SEG","S_alpha","0.9284827285576921","VALID FOR FINAL ABLATION","P-WC200-LW","C:\Users\jafari.h\Desktop\ai_project\ConvNeXt_Unet\one_seed_results\ablation\33_fafem_warmup_cosine\seed_6543\best_checkpoint.pth","one_seed_results\ablation\33_fafem_warmup_cosine\seed_6543\evaluation_summary.json","",""
"one_seed_33_fafem_warmup_cosine","Exp33","6543","Kvasir-SEG","F_beta_w","0.9010543830911898","VALID FOR FINAL ABLATION","P-WC200-LW","C:\Users\jafari.h\Desktop\ai_project\ConvNeXt_Unet\one_seed_results\ablation\33_fafem_warmup_cosine\seed_6543\best_checkpoint.pth","one_seed_results\ablation\33_fafem_warmup_cosine\seed_6543\evaluation_summary.json","",""
"one_seed_33_fafem_warmup_cosine","Exp33","6543","Kvasir-SEG","maxE_phi","0.9613548793687923","VALID FOR FINAL ABLATION","P-WC200-LW","C:\Users\jafari.h\Desktop\ai_project\ConvNeXt_Unet\one_seed_results\ablation\33_fafem_warmup_cosine\seed_6543\best_checkpoint.pth","one_seed_results\ablation\33_fafem_warmup_cosine\seed_6543\evaluation_summary.json","",""
"one_seed_33_fafem_warmup_cosine","Exp33","6543","Kvasir-SEG","mE_phi","0.9541760444097714","VALID FOR FINAL ABLATION","P-WC200-LW","C:\Users\jafari.h\Desktop\ai_project\ConvNeXt_Unet\one_seed_results\ablation\33_fafem_warmup_cosine\seed_6543\best_checkpoint.pth","one_seed_results\ablation\33_fafem_warmup_cosine\seed_6543\evaluation_summary.json","",""
"one_seed_33_fafem_warmup_cosine","Exp33","6543","Kvasir-SEG","MAE","0.024703594820170652","VALID FOR FINAL ABLATION","P-WC200-LW","C:\Users\jafari.h\Desktop\ai_project\ConvNeXt_Unet\one_seed_results\ablation\33_fafem_warmup_cosine\seed_6543\best_checkpoint.pth","one_seed_results\ablation\33_fafem_warmup_cosine\seed_6543\evaluation_summary.json","",""
"one_seed_33_fafem_warmup_cosine","Exp33","7777","CVC-300","mDice","0.8865274444222451","VALID FOR FINAL ABLATION","P-WC200-LW","C:\Users\jafari.h\Desktop\ai_project\ConvNeXt_Unet\one_seed_results\ablation\33_fafem_warmup_cosine\seed_7777\best_checkpoint.pth","one_seed_results\ablation\33_fafem_warmup_cosine\seed_7777\evaluation_summary.json","",""
"one_seed_33_fafem_warmup_cosine","Exp33","7777","CVC-300","mIoU","0.8144532191256683","VALID FOR FINAL ABLATION","P-WC200-LW","C:\Users\jafari.h\Desktop\ai_project\ConvNeXt_Unet\one_seed_results\ablation\33_fafem_warmup_cosine\seed_7777\best_checkpoint.pth","one_seed_results\ablation\33_fafem_warmup_cosine\seed_7777\evaluation_summary.json","",""
"one_seed_33_fafem_warmup_cosine","Exp33","7777","CVC-300","S_alpha","0.9322442526372247","VALID FOR FINAL ABLATION","P-WC200-LW","C:\Users\jafari.h\Desktop\ai_project\ConvNeXt_Unet\one_seed_results\ablation\33_fafem_warmup_cosine\seed_7777\best_checkpoint.pth","one_seed_results\ablation\33_fafem_warmup_cosine\seed_7777\evaluation_summary.json","",""
"one_seed_33_fafem_warmup_cosine","Exp33","7777","CVC-300","F_beta_w","0.8619484828657953","VALID FOR FINAL ABLATION","P-WC200-LW","C:\Users\jafari.h\Desktop\ai_project\ConvNeXt_Unet\one_seed_results\ablation\33_fafem_warmup_cosine\seed_7777\best_checkpoint.pth","one_seed_results\ablation\33_fafem_warmup_cosine\seed_7777\evaluation_summary.json","",""
"one_seed_33_fafem_warmup_cosine","Exp33","7777","CVC-300","maxE_phi","0.9719003635952507","VALID FOR FINAL ABLATION","P-WC200-LW","C:\Users\jafari.h\Desktop\ai_project\ConvNeXt_Unet\one_seed_results\ablation\33_fafem_warmup_cosine\seed_7777\best_checkpoint.pth","one_seed_results\ablation\33_fafem_warmup_cosine\seed_7777\evaluation_summary.json","",""
"one_seed_33_fafem_warmup_cosine","Exp33","7777","CVC-300","mE_phi","0.9563394389404576","VALID FOR FINAL ABLATION","P-WC200-LW","C:\Users\jafari.h\Desktop\ai_project\ConvNeXt_Unet\one_seed_results\ablation\33_fafem_warmup_cosine\seed_7777\best_checkpoint.pth","one_seed_results\ablation\33_fafem_warmup_cosine\seed_7777\evaluation_summary.json","",""
"one_seed_33_fafem_warmup_cosine","Exp33","7777","CVC-300","MAE","0.00680142174247847","VALID FOR FINAL ABLATION","P-WC200-LW","C:\Users\jafari.h\Desktop\ai_project\ConvNeXt_Unet\one_seed_results\ablation\33_fafem_warmup_cosine\seed_7777\best_checkpoint.pth","one_seed_results\ablation\33_fafem_warmup_cosine\seed_7777\evaluation_summary.json","",""
"one_seed_33_fafem_warmup_cosine","Exp33","7777","CVC-ClinicDB","mDice","0.9469779701002182","VALID FOR FINAL ABLATION","P-WC200-LW","C:\Users\jafari.h\Desktop\ai_project\ConvNeXt_Unet\one_seed_results\ablation\33_fafem_warmup_cosine\seed_7777\best_checkpoint.pth","one_seed_results\ablation\33_fafem_warmup_cosine\seed_7777\evaluation_summary.json","",""
"one_seed_33_fafem_warmup_cosine","Exp33","7777","CVC-ClinicDB","mIoU","0.9005972983375672","VALID FOR FINAL ABLATION","P-WC200-LW","C:\Users\jafari.h\Desktop\ai_project\ConvNeXt_Unet\one_seed_results\ablation\33_fafem_warmup_cosine\seed_7777\best_checkpoint.pth","one_seed_results\ablation\33_fafem_warmup_cosine\seed_7777\evaluation_summary.json","",""
"one_seed_33_fafem_warmup_cosine","Exp33","7777","CVC-ClinicDB","S_alpha","0.9541989402823768","VALID FOR FINAL ABLATION","P-WC200-LW","C:\Users\jafari.h\Desktop\ai_project\ConvNeXt_Unet\one_seed_results\ablation\33_fafem_warmup_cosine\seed_7777\best_checkpoint.pth","one_seed_results\ablation\33_fafem_warmup_cosine\seed_7777\evaluation_summary.json","",""
"one_seed_33_fafem_warmup_cosine","Exp33","7777","CVC-ClinicDB","F_beta_w","0.9362680780109404","VALID FOR FINAL ABLATION","P-WC200-LW","C:\Users\jafari.h\Desktop\ai_project\ConvNeXt_Unet\one_seed_results\ablation\33_fafem_warmup_cosine\seed_7777\best_checkpoint.pth","one_seed_results\ablation\33_fafem_warmup_cosine\seed_7777\evaluation_summary.json","",""
"one_seed_33_fafem_warmup_cosine","Exp33","7777","CVC-ClinicDB","maxE_phi","0.989261173364161","VALID FOR FINAL ABLATION","P-WC200-LW","C:\Users\jafari.h\Desktop\ai_project\ConvNeXt_Unet\one_seed_results\ablation\33_fafem_warmup_cosine\seed_7777\best_checkpoint.pth","one_seed_results\ablation\33_fafem_warmup_cosine\seed_7777\evaluation_summary.json","",""
"one_seed_33_fafem_warmup_cosine","Exp33","7777","CVC-ClinicDB","mE_phi","0.9838155789111209","VALID FOR FINAL ABLATION","P-WC200-LW","C:\Users\jafari.h\Desktop\ai_project\ConvNeXt_Unet\one_seed_results\ablation\33_fafem_warmup_cosine\seed_7777\best_checkpoint.pth","one_seed_results\ablation\33_fafem_warmup_cosine\seed_7777\evaluation_summary.json","",""
"one_seed_33_fafem_warmup_cosine","Exp33","7777","CVC-ClinicDB","MAE","0.009465490755942772","VALID FOR FINAL ABLATION","P-WC200-LW","C:\Users\jafari.h\Desktop\ai_project\ConvNeXt_Unet\one_seed_results\ablation\33_fafem_warmup_cosine\seed_7777\best_checkpoint.pth","one_seed_results\ablation\33_fafem_warmup_cosine\seed_7777\evaluation_summary.json","",""
"one_seed_33_fafem_warmup_cosine","Exp33","7777","CVC-ColonDB","mDice","0.7809489616394129","VALID FOR FINAL ABLATION","P-WC200-LW","C:\Users\jafari.h\Desktop\ai_project\ConvNeXt_Unet\one_seed_results\ablation\33_fafem_warmup_cosine\seed_7777\best_checkpoint.pth","one_seed_results\ablation\33_fafem_warmup_cosine\seed_7777\evaluation_summary.json","",""
"one_seed_33_fafem_warmup_cosine","Exp33","7777","CVC-ColonDB","mIoU","0.7031091766241043","VALID FOR FINAL ABLATION","P-WC200-LW","C:\Users\jafari.h\Desktop\ai_project\ConvNeXt_Unet\one_seed_results\ablation\33_fafem_warmup_cosine\seed_7777\best_checkpoint.pth","one_seed_results\ablation\33_fafem_warmup_cosine\seed_7777\evaluation_summary.json","",""
"one_seed_33_fafem_warmup_cosine","Exp33","7777","CVC-ColonDB","S_alpha","0.857575945049294","VALID FOR FINAL ABLATION","P-WC200-LW","C:\Users\jafari.h\Desktop\ai_project\ConvNeXt_Unet\one_seed_results\ablation\33_fafem_warmup_cosine\seed_7777\best_checkpoint.pth","one_seed_results\ablation\33_fafem_warmup_cosine\seed_7777\evaluation_summary.json","",""
"one_seed_33_fafem_warmup_cosine","Exp33","7777","CVC-ColonDB","F_beta_w","0.7631932736570708","VALID FOR FINAL ABLATION","P-WC200-LW","C:\Users\jafari.h\Desktop\ai_project\ConvNeXt_Unet\one_seed_results\ablation\33_fafem_warmup_cosine\seed_7777\best_checkpoint.pth","one_seed_results\ablation\33_fafem_warmup_cosine\seed_7777\evaluation_summary.json","",""
"one_seed_33_fafem_warmup_cosine","Exp33","7777","CVC-ColonDB","maxE_phi","0.8912251527618342","VALID FOR FINAL ABLATION","P-WC200-LW","C:\Users\jafari.h\Desktop\ai_project\ConvNeXt_Unet\one_seed_results\ablation\33_fafem_warmup_cosine\seed_7777\best_checkpoint.pth","one_seed_results\ablation\33_fafem_warmup_cosine\seed_7777\evaluation_summary.json","",""
"one_seed_33_fafem_warmup_cosine","Exp33","7777","CVC-ColonDB","mE_phi","0.885187815732917","VALID FOR FINAL ABLATION","P-WC200-LW","C:\Users\jafari.h\Desktop\ai_project\ConvNeXt_Unet\one_seed_results\ablation\33_fafem_warmup_cosine\seed_7777\best_checkpoint.pth","one_seed_results\ablation\33_fafem_warmup_cosine\seed_7777\evaluation_summary.json","",""
"one_seed_33_fafem_warmup_cosine","Exp33","7777","CVC-ColonDB","MAE","0.03309473204007021","VALID FOR FINAL ABLATION","P-WC200-LW","C:\Users\jafari.h\Desktop\ai_project\ConvNeXt_Unet\one_seed_results\ablation\33_fafem_warmup_cosine\seed_7777\best_checkpoint.pth","one_seed_results\ablation\33_fafem_warmup_cosine\seed_7777\evaluation_summary.json","",""
"one_seed_33_fafem_warmup_cosine","Exp33","7777","ETIS-LaribPolypDB","mDice","0.774199757887841","VALID FOR FINAL ABLATION","P-WC200-LW","C:\Users\jafari.h\Desktop\ai_project\ConvNeXt_Unet\one_seed_results\ablation\33_fafem_warmup_cosine\seed_7777\best_checkpoint.pth","one_seed_results\ablation\33_fafem_warmup_cosine\seed_7777\evaluation_summary.json","",""
"one_seed_33_fafem_warmup_cosine","Exp33","7777","ETIS-LaribPolypDB","mIoU","0.6954368007268146","VALID FOR FINAL ABLATION","P-WC200-LW","C:\Users\jafari.h\Desktop\ai_project\ConvNeXt_Unet\one_seed_results\ablation\33_fafem_warmup_cosine\seed_7777\best_checkpoint.pth","one_seed_results\ablation\33_fafem_warmup_cosine\seed_7777\evaluation_summary.json","",""
"one_seed_33_fafem_warmup_cosine","Exp33","7777","ETIS-LaribPolypDB","S_alpha","0.867362805331641","VALID FOR FINAL ABLATION","P-WC200-LW","C:\Users\jafari.h\Desktop\ai_project\ConvNeXt_Unet\one_seed_results\ablation\33_fafem_warmup_cosine\seed_7777\best_checkpoint.pth","one_seed_results\ablation\33_fafem_warmup_cosine\seed_7777\evaluation_summary.json","",""
"one_seed_33_fafem_warmup_cosine","Exp33","7777","ETIS-LaribPolypDB","F_beta_w","0.7442364667737147","VALID FOR FINAL ABLATION","P-WC200-LW","C:\Users\jafari.h\Desktop\ai_project\ConvNeXt_Unet\one_seed_results\ablation\33_fafem_warmup_cosine\seed_7777\best_checkpoint.pth","one_seed_results\ablation\33_fafem_warmup_cosine\seed_7777\evaluation_summary.json","",""
"one_seed_33_fafem_warmup_cosine","Exp33","7777","ETIS-LaribPolypDB","maxE_phi","0.8959106361101362","VALID FOR FINAL ABLATION","P-WC200-LW","C:\Users\jafari.h\Desktop\ai_project\ConvNeXt_Unet\one_seed_results\ablation\33_fafem_warmup_cosine\seed_7777\best_checkpoint.pth","one_seed_results\ablation\33_fafem_warmup_cosine\seed_7777\evaluation_summary.json","",""
"one_seed_33_fafem_warmup_cosine","Exp33","7777","ETIS-LaribPolypDB","mE_phi","0.8818453982101805","VALID FOR FINAL ABLATION","P-WC200-LW","C:\Users\jafari.h\Desktop\ai_project\ConvNeXt_Unet\one_seed_results\ablation\33_fafem_warmup_cosine\seed_7777\best_checkpoint.pth","one_seed_results\ablation\33_fafem_warmup_cosine\seed_7777\evaluation_summary.json","",""
"one_seed_33_fafem_warmup_cosine","Exp33","7777","ETIS-LaribPolypDB","MAE","0.015228968176977737","VALID FOR FINAL ABLATION","P-WC200-LW","C:\Users\jafari.h\Desktop\ai_project\ConvNeXt_Unet\one_seed_results\ablation\33_fafem_warmup_cosine\seed_7777\best_checkpoint.pth","one_seed_results\ablation\33_fafem_warmup_cosine\seed_7777\evaluation_summary.json","",""
"one_seed_33_fafem_warmup_cosine","Exp33","7777","Kvasir-SEG","mDice","0.9269971692562103","VALID FOR FINAL ABLATION","P-WC200-LW","C:\Users\jafari.h\Desktop\ai_project\ConvNeXt_Unet\one_seed_results\ablation\33_fafem_warmup_cosine\seed_7777\best_checkpoint.pth","one_seed_results\ablation\33_fafem_warmup_cosine\seed_7777\evaluation_summary.json","",""
"one_seed_33_fafem_warmup_cosine","Exp33","7777","Kvasir-SEG","mIoU","0.8774477791786194","VALID FOR FINAL ABLATION","P-WC200-LW","C:\Users\jafari.h\Desktop\ai_project\ConvNeXt_Unet\one_seed_results\ablation\33_fafem_warmup_cosine\seed_7777\best_checkpoint.pth","one_seed_results\ablation\33_fafem_warmup_cosine\seed_7777\evaluation_summary.json","",""
"one_seed_33_fafem_warmup_cosine","Exp33","7777","Kvasir-SEG","S_alpha","0.9325902387896084","VALID FOR FINAL ABLATION","P-WC200-LW","C:\Users\jafari.h\Desktop\ai_project\ConvNeXt_Unet\one_seed_results\ablation\33_fafem_warmup_cosine\seed_7777\best_checkpoint.pth","one_seed_results\ablation\33_fafem_warmup_cosine\seed_7777\evaluation_summary.json","",""
"one_seed_33_fafem_warmup_cosine","Exp33","7777","Kvasir-SEG","F_beta_w","0.9059092450764065","VALID FOR FINAL ABLATION","P-WC200-LW","C:\Users\jafari.h\Desktop\ai_project\ConvNeXt_Unet\one_seed_results\ablation\33_fafem_warmup_cosine\seed_7777\best_checkpoint.pth","one_seed_results\ablation\33_fafem_warmup_cosine\seed_7777\evaluation_summary.json","",""
"one_seed_33_fafem_warmup_cosine","Exp33","7777","Kvasir-SEG","maxE_phi","0.9641615247141408","VALID FOR FINAL ABLATION","P-WC200-LW","C:\Users\jafari.h\Desktop\ai_project\ConvNeXt_Unet\one_seed_results\ablation\33_fafem_warmup_cosine\seed_7777\best_checkpoint.pth","one_seed_results\ablation\33_fafem_warmup_cosine\seed_7777\evaluation_summary.json","",""
"one_seed_33_fafem_warmup_cosine","Exp33","7777","Kvasir-SEG","mE_phi","0.9571263795091334","VALID FOR FINAL ABLATION","P-WC200-LW","C:\Users\jafari.h\Desktop\ai_project\ConvNeXt_Unet\one_seed_results\ablation\33_fafem_warmup_cosine\seed_7777\best_checkpoint.pth","one_seed_results\ablation\33_fafem_warmup_cosine\seed_7777\evaluation_summary.json","",""
"one_seed_33_fafem_warmup_cosine","Exp33","7777","Kvasir-SEG","MAE","0.02526934810084109","VALID FOR FINAL ABLATION","P-WC200-LW","C:\Users\jafari.h\Desktop\ai_project\ConvNeXt_Unet\one_seed_results\ablation\33_fafem_warmup_cosine\seed_7777\best_checkpoint.pth","one_seed_results\ablation\33_fafem_warmup_cosine\seed_7777\evaluation_summary.json","",""
"one_seed_37_fafem_mscb_lite_stage3_warmup_cosine","Exp37","42","CVC-300","mDice","0.8900839005907376","VALID FOR FINAL ABLATION","P-WC200-LW","C:\Users\jafari.h\Desktop\ai_project\ConvNeXt_Unet\one_seed_results\ablation\37_fafem_mscb_lite_stage3_warmup_cosine\seed_42\best_checkpoint.pth","one_seed_results\ablation\37_fafem_mscb_lite_stage3_warmup_cosine\seed_42\evaluation_summary.json","",""
"one_seed_37_fafem_mscb_lite_stage3_warmup_cosine","Exp37","42","CVC-300","mIoU","0.8210626542568207","VALID FOR FINAL ABLATION","P-WC200-LW","C:\Users\jafari.h\Desktop\ai_project\ConvNeXt_Unet\one_seed_results\ablation\37_fafem_mscb_lite_stage3_warmup_cosine\seed_42\best_checkpoint.pth","one_seed_results\ablation\37_fafem_mscb_lite_stage3_warmup_cosine\seed_42\evaluation_summary.json","",""
"one_seed_37_fafem_mscb_lite_stage3_warmup_cosine","Exp37","42","CVC-300","S_alpha","0.9330556985019779","VALID FOR FINAL ABLATION","P-WC200-LW","C:\Users\jafari.h\Desktop\ai_project\ConvNeXt_Unet\one_seed_results\ablation\37_fafem_mscb_lite_stage3_warmup_cosine\seed_42\best_checkpoint.pth","one_seed_results\ablation\37_fafem_mscb_lite_stage3_warmup_cosine\seed_42\evaluation_summary.json","",""
"one_seed_37_fafem_mscb_lite_stage3_warmup_cosine","Exp37","42","CVC-300","F_beta_w","0.8675438833046883","VALID FOR FINAL ABLATION","P-WC200-LW","C:\Users\jafari.h\Desktop\ai_project\ConvNeXt_Unet\one_seed_results\ablation\37_fafem_mscb_lite_stage3_warmup_cosine\seed_42\best_checkpoint.pth","one_seed_results\ablation\37_fafem_mscb_lite_stage3_warmup_cosine\seed_42\evaluation_summary.json","",""
"one_seed_37_fafem_mscb_lite_stage3_warmup_cosine","Exp37","42","CVC-300","maxE_phi","0.9664567600052897","VALID FOR FINAL ABLATION","P-WC200-LW","C:\Users\jafari.h\Desktop\ai_project\ConvNeXt_Unet\one_seed_results\ablation\37_fafem_mscb_lite_stage3_warmup_cosine\seed_42\best_checkpoint.pth","one_seed_results\ablation\37_fafem_mscb_lite_stage3_warmup_cosine\seed_42\evaluation_summary.json","",""
"one_seed_37_fafem_mscb_lite_stage3_warmup_cosine","Exp37","42","CVC-300","mE_phi","0.9573533748287981","VALID FOR FINAL ABLATION","P-WC200-LW","C:\Users\jafari.h\Desktop\ai_project\ConvNeXt_Unet\one_seed_results\ablation\37_fafem_mscb_lite_stage3_warmup_cosine\seed_42\best_checkpoint.pth","one_seed_results\ablation\37_fafem_mscb_lite_stage3_warmup_cosine\seed_42\evaluation_summary.json","",""
"one_seed_37_fafem_mscb_lite_stage3_warmup_cosine","Exp37","42","CVC-300","MAE","0.0068670978530834485","VALID FOR FINAL ABLATION","P-WC200-LW","C:\Users\jafari.h\Desktop\ai_project\ConvNeXt_Unet\one_seed_results\ablation\37_fafem_mscb_lite_stage3_warmup_cosine\seed_42\best_checkpoint.pth","one_seed_results\ablation\37_fafem_mscb_lite_stage3_warmup_cosine\seed_42\evaluation_summary.json","",""
"one_seed_37_fafem_mscb_lite_stage3_warmup_cosine","Exp37","42","CVC-ClinicDB","mDice","0.9391590135712777","VALID FOR FINAL ABLATION","P-WC200-LW","C:\Users\jafari.h\Desktop\ai_project\ConvNeXt_Unet\one_seed_results\ablation\37_fafem_mscb_lite_stage3_warmup_cosine\seed_42\best_checkpoint.pth","one_seed_results\ablation\37_fafem_mscb_lite_stage3_warmup_cosine\seed_42\evaluation_summary.json","",""
"one_seed_37_fafem_mscb_lite_stage3_warmup_cosine","Exp37","42","CVC-ClinicDB","mIoU","0.8883466648478662","VALID FOR FINAL ABLATION","P-WC200-LW","C:\Users\jafari.h\Desktop\ai_project\ConvNeXt_Unet\one_seed_results\ablation\37_fafem_mscb_lite_stage3_warmup_cosine\seed_42\best_checkpoint.pth","one_seed_results\ablation\37_fafem_mscb_lite_stage3_warmup_cosine\seed_42\evaluation_summary.json","",""
"one_seed_37_fafem_mscb_lite_stage3_warmup_cosine","Exp37","42","CVC-ClinicDB","S_alpha","0.9500273534434287","VALID FOR FINAL ABLATION","P-WC200-LW","C:\Users\jafari.h\Desktop\ai_project\ConvNeXt_Unet\one_seed_results\ablation\37_fafem_mscb_lite_stage3_warmup_cosine\seed_42\best_checkpoint.pth","one_seed_results\ablation\37_fafem_mscb_lite_stage3_warmup_cosine\seed_42\evaluation_summary.json","",""
"one_seed_37_fafem_mscb_lite_stage3_warmup_cosine","Exp37","42","CVC-ClinicDB","F_beta_w","0.9259072782883578","VALID FOR FINAL ABLATION","P-WC200-LW","C:\Users\jafari.h\Desktop\ai_project\ConvNeXt_Unet\one_seed_results\ablation\37_fafem_mscb_lite_stage3_warmup_cosine\seed_42\best_checkpoint.pth","one_seed_results\ablation\37_fafem_mscb_lite_stage3_warmup_cosine\seed_42\evaluation_summary.json","",""
"one_seed_37_fafem_mscb_lite_stage3_warmup_cosine","Exp37","42","CVC-ClinicDB","maxE_phi","0.9884171219961584","VALID FOR FINAL ABLATION","P-WC200-LW","C:\Users\jafari.h\Desktop\ai_project\ConvNeXt_Unet\one_seed_results\ablation\37_fafem_mscb_lite_stage3_warmup_cosine\seed_42\best_checkpoint.pth","one_seed_results\ablation\37_fafem_mscb_lite_stage3_warmup_cosine\seed_42\evaluation_summary.json","",""
"one_seed_37_fafem_mscb_lite_stage3_warmup_cosine","Exp37","42","CVC-ClinicDB","mE_phi","0.980893367435725","VALID FOR FINAL ABLATION","P-WC200-LW","C:\Users\jafari.h\Desktop\ai_project\ConvNeXt_Unet\one_seed_results\ablation\37_fafem_mscb_lite_stage3_warmup_cosine\seed_42\best_checkpoint.pth","one_seed_results\ablation\37_fafem_mscb_lite_stage3_warmup_cosine\seed_42\evaluation_summary.json","",""
"one_seed_37_fafem_mscb_lite_stage3_warmup_cosine","Exp37","42","CVC-ClinicDB","MAE","0.010519769982269821","VALID FOR FINAL ABLATION","P-WC200-LW","C:\Users\jafari.h\Desktop\ai_project\ConvNeXt_Unet\one_seed_results\ablation\37_fafem_mscb_lite_stage3_warmup_cosine\seed_42\best_checkpoint.pth","one_seed_results\ablation\37_fafem_mscb_lite_stage3_warmup_cosine\seed_42\evaluation_summary.json","",""
"one_seed_37_fafem_mscb_lite_stage3_warmup_cosine","Exp37","42","CVC-ColonDB","mDice","0.7949238341395456","VALID FOR FINAL ABLATION","P-WC200-LW","C:\Users\jafari.h\Desktop\ai_project\ConvNeXt_Unet\one_seed_results\ablation\37_fafem_mscb_lite_stage3_warmup_cosine\seed_42\best_checkpoint.pth","one_seed_results\ablation\37_fafem_mscb_lite_stage3_warmup_cosine\seed_42\evaluation_summary.json","",""
"one_seed_37_fafem_mscb_lite_stage3_warmup_cosine","Exp37","42","CVC-ColonDB","mIoU","0.7145678978507121","VALID FOR FINAL ABLATION","P-WC200-LW","C:\Users\jafari.h\Desktop\ai_project\ConvNeXt_Unet\one_seed_results\ablation\37_fafem_mscb_lite_stage3_warmup_cosine\seed_42\best_checkpoint.pth","one_seed_results\ablation\37_fafem_mscb_lite_stage3_warmup_cosine\seed_42\evaluation_summary.json","",""
"one_seed_37_fafem_mscb_lite_stage3_warmup_cosine","Exp37","42","CVC-ColonDB","S_alpha","0.860393121403106","VALID FOR FINAL ABLATION","P-WC200-LW","C:\Users\jafari.h\Desktop\ai_project\ConvNeXt_Unet\one_seed_results\ablation\37_fafem_mscb_lite_stage3_warmup_cosine\seed_42\best_checkpoint.pth","one_seed_results\ablation\37_fafem_mscb_lite_stage3_warmup_cosine\seed_42\evaluation_summary.json","",""
"one_seed_37_fafem_mscb_lite_stage3_warmup_cosine","Exp37","42","CVC-ColonDB","F_beta_w","0.7701295135712497","VALID FOR FINAL ABLATION","P-WC200-LW","C:\Users\jafari.h\Desktop\ai_project\ConvNeXt_Unet\one_seed_results\ablation\37_fafem_mscb_lite_stage3_warmup_cosine\seed_42\best_checkpoint.pth","one_seed_results\ablation\37_fafem_mscb_lite_stage3_warmup_cosine\seed_42\evaluation_summary.json","",""
"one_seed_37_fafem_mscb_lite_stage3_warmup_cosine","Exp37","42","CVC-ColonDB","maxE_phi","0.900668762769909","VALID FOR FINAL ABLATION","P-WC200-LW","C:\Users\jafari.h\Desktop\ai_project\ConvNeXt_Unet\one_seed_results\ablation\37_fafem_mscb_lite_stage3_warmup_cosine\seed_42\best_checkpoint.pth","one_seed_results\ablation\37_fafem_mscb_lite_stage3_warmup_cosine\seed_42\evaluation_summary.json","",""
"one_seed_37_fafem_mscb_lite_stage3_warmup_cosine","Exp37","42","CVC-ColonDB","mE_phi","0.8933130729579969","VALID FOR FINAL ABLATION","P-WC200-LW","C:\Users\jafari.h\Desktop\ai_project\ConvNeXt_Unet\one_seed_results\ablation\37_fafem_mscb_lite_stage3_warmup_cosine\seed_42\best_checkpoint.pth","one_seed_results\ablation\37_fafem_mscb_lite_stage3_warmup_cosine\seed_42\evaluation_summary.json","",""
"one_seed_37_fafem_mscb_lite_stage3_warmup_cosine","Exp37","42","CVC-ColonDB","MAE","0.03548974124019659","VALID FOR FINAL ABLATION","P-WC200-LW","C:\Users\jafari.h\Desktop\ai_project\ConvNeXt_Unet\one_seed_results\ablation\37_fafem_mscb_lite_stage3_warmup_cosine\seed_42\best_checkpoint.pth","one_seed_results\ablation\37_fafem_mscb_lite_stage3_warmup_cosine\seed_42\evaluation_summary.json","",""
"one_seed_37_fafem_mscb_lite_stage3_warmup_cosine","Exp37","42","ETIS-LaribPolypDB","mDice","0.7879311051398125","VALID FOR FINAL ABLATION","P-WC200-LW","C:\Users\jafari.h\Desktop\ai_project\ConvNeXt_Unet\one_seed_results\ablation\37_fafem_mscb_lite_stage3_warmup_cosine\seed_42\best_checkpoint.pth","one_seed_results\ablation\37_fafem_mscb_lite_stage3_warmup_cosine\seed_42\evaluation_summary.json","",""
"one_seed_37_fafem_mscb_lite_stage3_warmup_cosine","Exp37","42","ETIS-LaribPolypDB","mIoU","0.7081248345583134","VALID FOR FINAL ABLATION","P-WC200-LW","C:\Users\jafari.h\Desktop\ai_project\ConvNeXt_Unet\one_seed_results\ablation\37_fafem_mscb_lite_stage3_warmup_cosine\seed_42\best_checkpoint.pth","one_seed_results\ablation\37_fafem_mscb_lite_stage3_warmup_cosine\seed_42\evaluation_summary.json","",""
"one_seed_37_fafem_mscb_lite_stage3_warmup_cosine","Exp37","42","ETIS-LaribPolypDB","S_alpha","0.8745079299746109","VALID FOR FINAL ABLATION","P-WC200-LW","C:\Users\jafari.h\Desktop\ai_project\ConvNeXt_Unet\one_seed_results\ablation\37_fafem_mscb_lite_stage3_warmup_cosine\seed_42\best_checkpoint.pth","one_seed_results\ablation\37_fafem_mscb_lite_stage3_warmup_cosine\seed_42\evaluation_summary.json","",""
"one_seed_37_fafem_mscb_lite_stage3_warmup_cosine","Exp37","42","ETIS-LaribPolypDB","F_beta_w","0.751092764737913","VALID FOR FINAL ABLATION","P-WC200-LW","C:\Users\jafari.h\Desktop\ai_project\ConvNeXt_Unet\one_seed_results\ablation\37_fafem_mscb_lite_stage3_warmup_cosine\seed_42\best_checkpoint.pth","one_seed_results\ablation\37_fafem_mscb_lite_stage3_warmup_cosine\seed_42\evaluation_summary.json","",""
"one_seed_37_fafem_mscb_lite_stage3_warmup_cosine","Exp37","42","ETIS-LaribPolypDB","maxE_phi","0.9117663865995449","VALID FOR FINAL ABLATION","P-WC200-LW","C:\Users\jafari.h\Desktop\ai_project\ConvNeXt_Unet\one_seed_results\ablation\37_fafem_mscb_lite_stage3_warmup_cosine\seed_42\best_checkpoint.pth","one_seed_results\ablation\37_fafem_mscb_lite_stage3_warmup_cosine\seed_42\evaluation_summary.json","",""
"one_seed_37_fafem_mscb_lite_stage3_warmup_cosine","Exp37","42","ETIS-LaribPolypDB","mE_phi","0.8956434845412167","VALID FOR FINAL ABLATION","P-WC200-LW","C:\Users\jafari.h\Desktop\ai_project\ConvNeXt_Unet\one_seed_results\ablation\37_fafem_mscb_lite_stage3_warmup_cosine\seed_42\best_checkpoint.pth","one_seed_results\ablation\37_fafem_mscb_lite_stage3_warmup_cosine\seed_42\evaluation_summary.json","",""
"one_seed_37_fafem_mscb_lite_stage3_warmup_cosine","Exp37","42","ETIS-LaribPolypDB","MAE","0.012893953829936912","VALID FOR FINAL ABLATION","P-WC200-LW","C:\Users\jafari.h\Desktop\ai_project\ConvNeXt_Unet\one_seed_results\ablation\37_fafem_mscb_lite_stage3_warmup_cosine\seed_42\best_checkpoint.pth","one_seed_results\ablation\37_fafem_mscb_lite_stage3_warmup_cosine\seed_42\evaluation_summary.json","",""
"one_seed_37_fafem_mscb_lite_stage3_warmup_cosine","Exp37","42","Kvasir-SEG","mDice","0.9305558496713638","VALID FOR FINAL ABLATION","P-WC200-LW","C:\Users\jafari.h\Desktop\ai_project\ConvNeXt_Unet\one_seed_results\ablation\37_fafem_mscb_lite_stage3_warmup_cosine\seed_42\best_checkpoint.pth","one_seed_results\ablation\37_fafem_mscb_lite_stage3_warmup_cosine\seed_42\evaluation_summary.json","",""
"one_seed_37_fafem_mscb_lite_stage3_warmup_cosine","Exp37","42","Kvasir-SEG","mIoU","0.8814237651228904","VALID FOR FINAL ABLATION","P-WC200-LW","C:\Users\jafari.h\Desktop\ai_project\ConvNeXt_Unet\one_seed_results\ablation\37_fafem_mscb_lite_stage3_warmup_cosine\seed_42\best_checkpoint.pth","one_seed_results\ablation\37_fafem_mscb_lite_stage3_warmup_cosine\seed_42\evaluation_summary.json","",""
"one_seed_37_fafem_mscb_lite_stage3_warmup_cosine","Exp37","42","Kvasir-SEG","S_alpha","0.9323242003835235","VALID FOR FINAL ABLATION","P-WC200-LW","C:\Users\jafari.h\Desktop\ai_project\ConvNeXt_Unet\one_seed_results\ablation\37_fafem_mscb_lite_stage3_warmup_cosine\seed_42\best_checkpoint.pth","one_seed_results\ablation\37_fafem_mscb_lite_stage3_warmup_cosine\seed_42\evaluation_summary.json","",""
"one_seed_37_fafem_mscb_lite_stage3_warmup_cosine","Exp37","42","Kvasir-SEG","F_beta_w","0.9110171489970698","VALID FOR FINAL ABLATION","P-WC200-LW","C:\Users\jafari.h\Desktop\ai_project\ConvNeXt_Unet\one_seed_results\ablation\37_fafem_mscb_lite_stage3_warmup_cosine\seed_42\best_checkpoint.pth","one_seed_results\ablation\37_fafem_mscb_lite_stage3_warmup_cosine\seed_42\evaluation_summary.json","",""
"one_seed_37_fafem_mscb_lite_stage3_warmup_cosine","Exp37","42","Kvasir-SEG","maxE_phi","0.9658990034778978","VALID FOR FINAL ABLATION","P-WC200-LW","C:\Users\jafari.h\Desktop\ai_project\ConvNeXt_Unet\one_seed_results\ablation\37_fafem_mscb_lite_stage3_warmup_cosine\seed_42\best_checkpoint.pth","one_seed_results\ablation\37_fafem_mscb_lite_stage3_warmup_cosine\seed_42\evaluation_summary.json","",""
"one_seed_37_fafem_mscb_lite_stage3_warmup_cosine","Exp37","42","Kvasir-SEG","mE_phi","0.9596365465969143","VALID FOR FINAL ABLATION","P-WC200-LW","C:\Users\jafari.h\Desktop\ai_project\ConvNeXt_Unet\one_seed_results\ablation\37_fafem_mscb_lite_stage3_warmup_cosine\seed_42\best_checkpoint.pth","one_seed_results\ablation\37_fafem_mscb_lite_stage3_warmup_cosine\seed_42\evaluation_summary.json","",""
"one_seed_37_fafem_mscb_lite_stage3_warmup_cosine","Exp37","42","Kvasir-SEG","MAE","0.024795366402538717","VALID FOR FINAL ABLATION","P-WC200-LW","C:\Users\jafari.h\Desktop\ai_project\ConvNeXt_Unet\one_seed_results\ablation\37_fafem_mscb_lite_stage3_warmup_cosine\seed_42\best_checkpoint.pth","one_seed_results\ablation\37_fafem_mscb_lite_stage3_warmup_cosine\seed_42\evaluation_summary.json","",""
"one_seed_37_fafem_mscb_lite_stage3_warmup_cosine","Exp37","6543","CVC-300","mDice","0.8846963872512181","VALID FOR FINAL ABLATION","P-WC200-LW","C:\Users\jafari.h\Desktop\ai_project\ConvNeXt_Unet\one_seed_results\ablation\37_fafem_mscb_lite_stage3_warmup_cosine\seed_6543\best_checkpoint.pth","one_seed_results\ablation\37_fafem_mscb_lite_stage3_warmup_cosine\seed_6543\evaluation_summary.json","",""
"one_seed_37_fafem_mscb_lite_stage3_warmup_cosine","Exp37","6543","CVC-300","mIoU","0.808797966192166","VALID FOR FINAL ABLATION","P-WC200-LW","C:\Users\jafari.h\Desktop\ai_project\ConvNeXt_Unet\one_seed_results\ablation\37_fafem_mscb_lite_stage3_warmup_cosine\seed_6543\best_checkpoint.pth","one_seed_results\ablation\37_fafem_mscb_lite_stage3_warmup_cosine\seed_6543\evaluation_summary.json","",""
"one_seed_37_fafem_mscb_lite_stage3_warmup_cosine","Exp37","6543","CVC-300","S_alpha","0.9270332926960759","VALID FOR FINAL ABLATION","P-WC200-LW","C:\Users\jafari.h\Desktop\ai_project\ConvNeXt_Unet\one_seed_results\ablation\37_fafem_mscb_lite_stage3_warmup_cosine\seed_6543\best_checkpoint.pth","one_seed_results\ablation\37_fafem_mscb_lite_stage3_warmup_cosine\seed_6543\evaluation_summary.json","",""
"one_seed_37_fafem_mscb_lite_stage3_warmup_cosine","Exp37","6543","CVC-300","F_beta_w","0.8582660104483593","VALID FOR FINAL ABLATION","P-WC200-LW","C:\Users\jafari.h\Desktop\ai_project\ConvNeXt_Unet\one_seed_results\ablation\37_fafem_mscb_lite_stage3_warmup_cosine\seed_6543\best_checkpoint.pth","one_seed_results\ablation\37_fafem_mscb_lite_stage3_warmup_cosine\seed_6543\evaluation_summary.json","",""
"one_seed_37_fafem_mscb_lite_stage3_warmup_cosine","Exp37","6543","CVC-300","maxE_phi","0.9709122422410604","VALID FOR FINAL ABLATION","P-WC200-LW","C:\Users\jafari.h\Desktop\ai_project\ConvNeXt_Unet\one_seed_results\ablation\37_fafem_mscb_lite_stage3_warmup_cosine\seed_6543\best_checkpoint.pth","one_seed_results\ablation\37_fafem_mscb_lite_stage3_warmup_cosine\seed_6543\evaluation_summary.json","",""
"one_seed_37_fafem_mscb_lite_stage3_warmup_cosine","Exp37","6543","CVC-300","mE_phi","0.9633443704741756","VALID FOR FINAL ABLATION","P-WC200-LW","C:\Users\jafari.h\Desktop\ai_project\ConvNeXt_Unet\one_seed_results\ablation\37_fafem_mscb_lite_stage3_warmup_cosine\seed_6543\best_checkpoint.pth","one_seed_results\ablation\37_fafem_mscb_lite_stage3_warmup_cosine\seed_6543\evaluation_summary.json","",""
"one_seed_37_fafem_mscb_lite_stage3_warmup_cosine","Exp37","6543","CVC-300","MAE","0.007038446431646006","VALID FOR FINAL ABLATION","P-WC200-LW","C:\Users\jafari.h\Desktop\ai_project\ConvNeXt_Unet\one_seed_results\ablation\37_fafem_mscb_lite_stage3_warmup_cosine\seed_6543\best_checkpoint.pth","one_seed_results\ablation\37_fafem_mscb_lite_stage3_warmup_cosine\seed_6543\evaluation_summary.json","",""
"one_seed_37_fafem_mscb_lite_stage3_warmup_cosine","Exp37","6543","CVC-ClinicDB","mDice","0.9430756097839724","VALID FOR FINAL ABLATION","P-WC200-LW","C:\Users\jafari.h\Desktop\ai_project\ConvNeXt_Unet\one_seed_results\ablation\37_fafem_mscb_lite_stage3_warmup_cosine\seed_6543\best_checkpoint.pth","one_seed_results\ablation\37_fafem_mscb_lite_stage3_warmup_cosine\seed_6543\evaluation_summary.json","",""
"one_seed_37_fafem_mscb_lite_stage3_warmup_cosine","Exp37","6543","CVC-ClinicDB","mIoU","0.8960088587576344","VALID FOR FINAL ABLATION","P-WC200-LW","C:\Users\jafari.h\Desktop\ai_project\ConvNeXt_Unet\one_seed_results\ablation\37_fafem_mscb_lite_stage3_warmup_cosine\seed_6543\best_checkpoint.pth","one_seed_results\ablation\37_fafem_mscb_lite_stage3_warmup_cosine\seed_6543\evaluation_summary.json","",""
"one_seed_37_fafem_mscb_lite_stage3_warmup_cosine","Exp37","6543","CVC-ClinicDB","S_alpha","0.951500944461872","VALID FOR FINAL ABLATION","P-WC200-LW","C:\Users\jafari.h\Desktop\ai_project\ConvNeXt_Unet\one_seed_results\ablation\37_fafem_mscb_lite_stage3_warmup_cosine\seed_6543\best_checkpoint.pth","one_seed_results\ablation\37_fafem_mscb_lite_stage3_warmup_cosine\seed_6543\evaluation_summary.json","",""
"one_seed_37_fafem_mscb_lite_stage3_warmup_cosine","Exp37","6543","CVC-ClinicDB","F_beta_w","0.9326425713154397","VALID FOR FINAL ABLATION","P-WC200-LW","C:\Users\jafari.h\Desktop\ai_project\ConvNeXt_Unet\one_seed_results\ablation\37_fafem_mscb_lite_stage3_warmup_cosine\seed_6543\best_checkpoint.pth","one_seed_results\ablation\37_fafem_mscb_lite_stage3_warmup_cosine\seed_6543\evaluation_summary.json","",""
"one_seed_37_fafem_mscb_lite_stage3_warmup_cosine","Exp37","6543","CVC-ClinicDB","maxE_phi","0.987446594573396","VALID FOR FINAL ABLATION","P-WC200-LW","C:\Users\jafari.h\Desktop\ai_project\ConvNeXt_Unet\one_seed_results\ablation\37_fafem_mscb_lite_stage3_warmup_cosine\seed_6543\best_checkpoint.pth","one_seed_results\ablation\37_fafem_mscb_lite_stage3_warmup_cosine\seed_6543\evaluation_summary.json","",""
"one_seed_37_fafem_mscb_lite_stage3_warmup_cosine","Exp37","6543","CVC-ClinicDB","mE_phi","0.981334829242614","VALID FOR FINAL ABLATION","P-WC200-LW","C:\Users\jafari.h\Desktop\ai_project\ConvNeXt_Unet\one_seed_results\ablation\37_fafem_mscb_lite_stage3_warmup_cosine\seed_6543\best_checkpoint.pth","one_seed_results\ablation\37_fafem_mscb_lite_stage3_warmup_cosine\seed_6543\evaluation_summary.json","",""
"one_seed_37_fafem_mscb_lite_stage3_warmup_cosine","Exp37","6543","CVC-ClinicDB","MAE","0.009701147033363281","VALID FOR FINAL ABLATION","P-WC200-LW","C:\Users\jafari.h\Desktop\ai_project\ConvNeXt_Unet\one_seed_results\ablation\37_fafem_mscb_lite_stage3_warmup_cosine\seed_6543\best_checkpoint.pth","one_seed_results\ablation\37_fafem_mscb_lite_stage3_warmup_cosine\seed_6543\evaluation_summary.json","",""
"one_seed_37_fafem_mscb_lite_stage3_warmup_cosine","Exp37","6543","CVC-ColonDB","mDice","0.7804323737011475","VALID FOR FINAL ABLATION","P-WC200-LW","C:\Users\jafari.h\Desktop\ai_project\ConvNeXt_Unet\one_seed_results\ablation\37_fafem_mscb_lite_stage3_warmup_cosine\seed_6543\best_checkpoint.pth","one_seed_results\ablation\37_fafem_mscb_lite_stage3_warmup_cosine\seed_6543\evaluation_summary.json","",""
"one_seed_37_fafem_mscb_lite_stage3_warmup_cosine","Exp37","6543","CVC-ColonDB","mIoU","0.7012887112596163","VALID FOR FINAL ABLATION","P-WC200-LW","C:\Users\jafari.h\Desktop\ai_project\ConvNeXt_Unet\one_seed_results\ablation\37_fafem_mscb_lite_stage3_warmup_cosine\seed_6543\best_checkpoint.pth","one_seed_results\ablation\37_fafem_mscb_lite_stage3_warmup_cosine\seed_6543\evaluation_summary.json","",""
"one_seed_37_fafem_mscb_lite_stage3_warmup_cosine","Exp37","6543","CVC-ColonDB","S_alpha","0.8538222713627206","VALID FOR FINAL ABLATION","P-WC200-LW","C:\Users\jafari.h\Desktop\ai_project\ConvNeXt_Unet\one_seed_results\ablation\37_fafem_mscb_lite_stage3_warmup_cosine\seed_6543\best_checkpoint.pth","one_seed_results\ablation\37_fafem_mscb_lite_stage3_warmup_cosine\seed_6543\evaluation_summary.json","",""
"one_seed_37_fafem_mscb_lite_stage3_warmup_cosine","Exp37","6543","CVC-ColonDB","F_beta_w","0.7625607000816582","VALID FOR FINAL ABLATION","P-WC200-LW","C:\Users\jafari.h\Desktop\ai_project\ConvNeXt_Unet\one_seed_results\ablation\37_fafem_mscb_lite_stage3_warmup_cosine\seed_6543\best_checkpoint.pth","one_seed_results\ablation\37_fafem_mscb_lite_stage3_warmup_cosine\seed_6543\evaluation_summary.json","",""
"one_seed_37_fafem_mscb_lite_stage3_warmup_cosine","Exp37","6543","CVC-ColonDB","maxE_phi","0.8951265432400008","VALID FOR FINAL ABLATION","P-WC200-LW","C:\Users\jafari.h\Desktop\ai_project\ConvNeXt_Unet\one_seed_results\ablation\37_fafem_mscb_lite_stage3_warmup_cosine\seed_6543\best_checkpoint.pth","one_seed_results\ablation\37_fafem_mscb_lite_stage3_warmup_cosine\seed_6543\evaluation_summary.json","",""
"one_seed_37_fafem_mscb_lite_stage3_warmup_cosine","Exp37","6543","CVC-ColonDB","mE_phi","0.888879223266488","VALID FOR FINAL ABLATION","P-WC200-LW","C:\Users\jafari.h\Desktop\ai_project\ConvNeXt_Unet\one_seed_results\ablation\37_fafem_mscb_lite_stage3_warmup_cosine\seed_6543\best_checkpoint.pth","one_seed_results\ablation\37_fafem_mscb_lite_stage3_warmup_cosine\seed_6543\evaluation_summary.json","",""
"one_seed_37_fafem_mscb_lite_stage3_warmup_cosine","Exp37","6543","CVC-ColonDB","MAE","0.0368346269582246","VALID FOR FINAL ABLATION","P-WC200-LW","C:\Users\jafari.h\Desktop\ai_project\ConvNeXt_Unet\one_seed_results\ablation\37_fafem_mscb_lite_stage3_warmup_cosine\seed_6543\best_checkpoint.pth","one_seed_results\ablation\37_fafem_mscb_lite_stage3_warmup_cosine\seed_6543\evaluation_summary.json","",""
"one_seed_37_fafem_mscb_lite_stage3_warmup_cosine","Exp37","6543","ETIS-LaribPolypDB","mDice","0.7858665547659377","VALID FOR FINAL ABLATION","P-WC200-LW","C:\Users\jafari.h\Desktop\ai_project\ConvNeXt_Unet\one_seed_results\ablation\37_fafem_mscb_lite_stage3_warmup_cosine\seed_6543\best_checkpoint.pth","one_seed_results\ablation\37_fafem_mscb_lite_stage3_warmup_cosine\seed_6543\evaluation_summary.json","",""
"one_seed_37_fafem_mscb_lite_stage3_warmup_cosine","Exp37","6543","ETIS-LaribPolypDB","mIoU","0.7055716038722187","VALID FOR FINAL ABLATION","P-WC200-LW","C:\Users\jafari.h\Desktop\ai_project\ConvNeXt_Unet\one_seed_results\ablation\37_fafem_mscb_lite_stage3_warmup_cosine\seed_6543\best_checkpoint.pth","one_seed_results\ablation\37_fafem_mscb_lite_stage3_warmup_cosine\seed_6543\evaluation_summary.json","",""
"one_seed_37_fafem_mscb_lite_stage3_warmup_cosine","Exp37","6543","ETIS-LaribPolypDB","S_alpha","0.8756081518747232","VALID FOR FINAL ABLATION","P-WC200-LW","C:\Users\jafari.h\Desktop\ai_project\ConvNeXt_Unet\one_seed_results\ablation\37_fafem_mscb_lite_stage3_warmup_cosine\seed_6543\best_checkpoint.pth","one_seed_results\ablation\37_fafem_mscb_lite_stage3_warmup_cosine\seed_6543\evaluation_summary.json","",""
"one_seed_37_fafem_mscb_lite_stage3_warmup_cosine","Exp37","6543","ETIS-LaribPolypDB","F_beta_w","0.7475816588867062","VALID FOR FINAL ABLATION","P-WC200-LW","C:\Users\jafari.h\Desktop\ai_project\ConvNeXt_Unet\one_seed_results\ablation\37_fafem_mscb_lite_stage3_warmup_cosine\seed_6543\best_checkpoint.pth","one_seed_results\ablation\37_fafem_mscb_lite_stage3_warmup_cosine\seed_6543\evaluation_summary.json","",""
"one_seed_37_fafem_mscb_lite_stage3_warmup_cosine","Exp37","6543","ETIS-LaribPolypDB","maxE_phi","0.912306167735217","VALID FOR FINAL ABLATION","P-WC200-LW","C:\Users\jafari.h\Desktop\ai_project\ConvNeXt_Unet\one_seed_results\ablation\37_fafem_mscb_lite_stage3_warmup_cosine\seed_6543\best_checkpoint.pth","one_seed_results\ablation\37_fafem_mscb_lite_stage3_warmup_cosine\seed_6543\evaluation_summary.json","",""
"one_seed_37_fafem_mscb_lite_stage3_warmup_cosine","Exp37","6543","ETIS-LaribPolypDB","mE_phi","0.8928415249879859","VALID FOR FINAL ABLATION","P-WC200-LW","C:\Users\jafari.h\Desktop\ai_project\ConvNeXt_Unet\one_seed_results\ablation\37_fafem_mscb_lite_stage3_warmup_cosine\seed_6543\best_checkpoint.pth","one_seed_results\ablation\37_fafem_mscb_lite_stage3_warmup_cosine\seed_6543\evaluation_summary.json","",""
"one_seed_37_fafem_mscb_lite_stage3_warmup_cosine","Exp37","6543","ETIS-LaribPolypDB","MAE","0.01476884854920212","VALID FOR FINAL ABLATION","P-WC200-LW","C:\Users\jafari.h\Desktop\ai_project\ConvNeXt_Unet\one_seed_results\ablation\37_fafem_mscb_lite_stage3_warmup_cosine\seed_6543\best_checkpoint.pth","one_seed_results\ablation\37_fafem_mscb_lite_stage3_warmup_cosine\seed_6543\evaluation_summary.json","",""
"one_seed_37_fafem_mscb_lite_stage3_warmup_cosine","Exp37","6543","Kvasir-SEG","mDice","0.9281509828567505","VALID FOR FINAL ABLATION","P-WC200-LW","C:\Users\jafari.h\Desktop\ai_project\ConvNeXt_Unet\one_seed_results\ablation\37_fafem_mscb_lite_stage3_warmup_cosine\seed_6543\best_checkpoint.pth","one_seed_results\ablation\37_fafem_mscb_lite_stage3_warmup_cosine\seed_6543\evaluation_summary.json","",""
"one_seed_37_fafem_mscb_lite_stage3_warmup_cosine","Exp37","6543","Kvasir-SEG","mIoU","0.8780404987931252","VALID FOR FINAL ABLATION","P-WC200-LW","C:\Users\jafari.h\Desktop\ai_project\ConvNeXt_Unet\one_seed_results\ablation\37_fafem_mscb_lite_stage3_warmup_cosine\seed_6543\best_checkpoint.pth","one_seed_results\ablation\37_fafem_mscb_lite_stage3_warmup_cosine\seed_6543\evaluation_summary.json","",""
"one_seed_37_fafem_mscb_lite_stage3_warmup_cosine","Exp37","6543","Kvasir-SEG","S_alpha","0.931673064160886","VALID FOR FINAL ABLATION","P-WC200-LW","C:\Users\jafari.h\Desktop\ai_project\ConvNeXt_Unet\one_seed_results\ablation\37_fafem_mscb_lite_stage3_warmup_cosine\seed_6543\best_checkpoint.pth","one_seed_results\ablation\37_fafem_mscb_lite_stage3_warmup_cosine\seed_6543\evaluation_summary.json","",""
"one_seed_37_fafem_mscb_lite_stage3_warmup_cosine","Exp37","6543","Kvasir-SEG","F_beta_w","0.9065266599820654","VALID FOR FINAL ABLATION","P-WC200-LW","C:\Users\jafari.h\Desktop\ai_project\ConvNeXt_Unet\one_seed_results\ablation\37_fafem_mscb_lite_stage3_warmup_cosine\seed_6543\best_checkpoint.pth","one_seed_results\ablation\37_fafem_mscb_lite_stage3_warmup_cosine\seed_6543\evaluation_summary.json","",""
"one_seed_37_fafem_mscb_lite_stage3_warmup_cosine","Exp37","6543","Kvasir-SEG","maxE_phi","0.966504982708563","VALID FOR FINAL ABLATION","P-WC200-LW","C:\Users\jafari.h\Desktop\ai_project\ConvNeXt_Unet\one_seed_results\ablation\37_fafem_mscb_lite_stage3_warmup_cosine\seed_6543\best_checkpoint.pth","one_seed_results\ablation\37_fafem_mscb_lite_stage3_warmup_cosine\seed_6543\evaluation_summary.json","",""
"one_seed_37_fafem_mscb_lite_stage3_warmup_cosine","Exp37","6543","Kvasir-SEG","mE_phi","0.9590239609018214","VALID FOR FINAL ABLATION","P-WC200-LW","C:\Users\jafari.h\Desktop\ai_project\ConvNeXt_Unet\one_seed_results\ablation\37_fafem_mscb_lite_stage3_warmup_cosine\seed_6543\best_checkpoint.pth","one_seed_results\ablation\37_fafem_mscb_lite_stage3_warmup_cosine\seed_6543\evaluation_summary.json","",""
"one_seed_37_fafem_mscb_lite_stage3_warmup_cosine","Exp37","6543","Kvasir-SEG","MAE","0.02456186743000423","VALID FOR FINAL ABLATION","P-WC200-LW","C:\Users\jafari.h\Desktop\ai_project\ConvNeXt_Unet\one_seed_results\ablation\37_fafem_mscb_lite_stage3_warmup_cosine\seed_6543\best_checkpoint.pth","one_seed_results\ablation\37_fafem_mscb_lite_stage3_warmup_cosine\seed_6543\evaluation_summary.json","",""
"one_seed_37_fafem_mscb_lite_stage3_warmup_cosine","Exp37","7777","CVC-300","mDice","0.8866794342796008","VALID FOR FINAL ABLATION","P-WC200-LW","C:\Users\jafari.h\Desktop\ai_project\ConvNeXt_Unet\one_seed_results\ablation\37_fafem_mscb_lite_stage3_warmup_cosine\seed_7777\best_checkpoint.pth","one_seed_results\ablation\37_fafem_mscb_lite_stage3_warmup_cosine\seed_7777\evaluation_summary.json","",""
"one_seed_37_fafem_mscb_lite_stage3_warmup_cosine","Exp37","7777","CVC-300","mIoU","0.8166475889583429","VALID FOR FINAL ABLATION","P-WC200-LW","C:\Users\jafari.h\Desktop\ai_project\ConvNeXt_Unet\one_seed_results\ablation\37_fafem_mscb_lite_stage3_warmup_cosine\seed_7777\best_checkpoint.pth","one_seed_results\ablation\37_fafem_mscb_lite_stage3_warmup_cosine\seed_7777\evaluation_summary.json","",""
"one_seed_37_fafem_mscb_lite_stage3_warmup_cosine","Exp37","7777","CVC-300","S_alpha","0.9319968117609174","VALID FOR FINAL ABLATION","P-WC200-LW","C:\Users\jafari.h\Desktop\ai_project\ConvNeXt_Unet\one_seed_results\ablation\37_fafem_mscb_lite_stage3_warmup_cosine\seed_7777\best_checkpoint.pth","one_seed_results\ablation\37_fafem_mscb_lite_stage3_warmup_cosine\seed_7777\evaluation_summary.json","",""
"one_seed_37_fafem_mscb_lite_stage3_warmup_cosine","Exp37","7777","CVC-300","F_beta_w","0.8639331210559463","VALID FOR FINAL ABLATION","P-WC200-LW","C:\Users\jafari.h\Desktop\ai_project\ConvNeXt_Unet\one_seed_results\ablation\37_fafem_mscb_lite_stage3_warmup_cosine\seed_7777\best_checkpoint.pth","one_seed_results\ablation\37_fafem_mscb_lite_stage3_warmup_cosine\seed_7777\evaluation_summary.json","",""
"one_seed_37_fafem_mscb_lite_stage3_warmup_cosine","Exp37","7777","CVC-300","maxE_phi","0.971705794819299","VALID FOR FINAL ABLATION","P-WC200-LW","C:\Users\jafari.h\Desktop\ai_project\ConvNeXt_Unet\one_seed_results\ablation\37_fafem_mscb_lite_stage3_warmup_cosine\seed_7777\best_checkpoint.pth","one_seed_results\ablation\37_fafem_mscb_lite_stage3_warmup_cosine\seed_7777\evaluation_summary.json","",""
"one_seed_37_fafem_mscb_lite_stage3_warmup_cosine","Exp37","7777","CVC-300","mE_phi","0.9563324326415639","VALID FOR FINAL ABLATION","P-WC200-LW","C:\Users\jafari.h\Desktop\ai_project\ConvNeXt_Unet\one_seed_results\ablation\37_fafem_mscb_lite_stage3_warmup_cosine\seed_7777\best_checkpoint.pth","one_seed_results\ablation\37_fafem_mscb_lite_stage3_warmup_cosine\seed_7777\evaluation_summary.json","",""
"one_seed_37_fafem_mscb_lite_stage3_warmup_cosine","Exp37","7777","CVC-300","MAE","0.007278129600971238","VALID FOR FINAL ABLATION","P-WC200-LW","C:\Users\jafari.h\Desktop\ai_project\ConvNeXt_Unet\one_seed_results\ablation\37_fafem_mscb_lite_stage3_warmup_cosine\seed_7777\best_checkpoint.pth","one_seed_results\ablation\37_fafem_mscb_lite_stage3_warmup_cosine\seed_7777\evaluation_summary.json","",""
"one_seed_37_fafem_mscb_lite_stage3_warmup_cosine","Exp37","7777","CVC-ClinicDB","mDice","0.9448596469817623","VALID FOR FINAL ABLATION","P-WC200-LW","C:\Users\jafari.h\Desktop\ai_project\ConvNeXt_Unet\one_seed_results\ablation\37_fafem_mscb_lite_stage3_warmup_cosine\seed_7777\best_checkpoint.pth","one_seed_results\ablation\37_fafem_mscb_lite_stage3_warmup_cosine\seed_7777\evaluation_summary.json","",""
"one_seed_37_fafem_mscb_lite_stage3_warmup_cosine","Exp37","7777","CVC-ClinicDB","mIoU","0.8969265962800672","VALID FOR FINAL ABLATION","P-WC200-LW","C:\Users\jafari.h\Desktop\ai_project\ConvNeXt_Unet\one_seed_results\ablation\37_fafem_mscb_lite_stage3_warmup_cosine\seed_7777\best_checkpoint.pth","one_seed_results\ablation\37_fafem_mscb_lite_stage3_warmup_cosine\seed_7777\evaluation_summary.json","",""
"one_seed_37_fafem_mscb_lite_stage3_warmup_cosine","Exp37","7777","CVC-ClinicDB","S_alpha","0.9530489318620605","VALID FOR FINAL ABLATION","P-WC200-LW","C:\Users\jafari.h\Desktop\ai_project\ConvNeXt_Unet\one_seed_results\ablation\37_fafem_mscb_lite_stage3_warmup_cosine\seed_7777\best_checkpoint.pth","one_seed_results\ablation\37_fafem_mscb_lite_stage3_warmup_cosine\seed_7777\evaluation_summary.json","",""
"one_seed_37_fafem_mscb_lite_stage3_warmup_cosine","Exp37","7777","CVC-ClinicDB","F_beta_w","0.9355255414915864","VALID FOR FINAL ABLATION","P-WC200-LW","C:\Users\jafari.h\Desktop\ai_project\ConvNeXt_Unet\one_seed_results\ablation\37_fafem_mscb_lite_stage3_warmup_cosine\seed_7777\best_checkpoint.pth","one_seed_results\ablation\37_fafem_mscb_lite_stage3_warmup_cosine\seed_7777\evaluation_summary.json","",""
"one_seed_37_fafem_mscb_lite_stage3_warmup_cosine","Exp37","7777","CVC-ClinicDB","maxE_phi","0.9882592173118592","VALID FOR FINAL ABLATION","P-WC200-LW","C:\Users\jafari.h\Desktop\ai_project\ConvNeXt_Unet\one_seed_results\ablation\37_fafem_mscb_lite_stage3_warmup_cosine\seed_7777\best_checkpoint.pth","one_seed_results\ablation\37_fafem_mscb_lite_stage3_warmup_cosine\seed_7777\evaluation_summary.json","",""
"one_seed_37_fafem_mscb_lite_stage3_warmup_cosine","Exp37","7777","CVC-ClinicDB","mE_phi","0.983388242162303","VALID FOR FINAL ABLATION","P-WC200-LW","C:\Users\jafari.h\Desktop\ai_project\ConvNeXt_Unet\one_seed_results\ablation\37_fafem_mscb_lite_stage3_warmup_cosine\seed_7777\best_checkpoint.pth","one_seed_results\ablation\37_fafem_mscb_lite_stage3_warmup_cosine\seed_7777\evaluation_summary.json","",""
"one_seed_37_fafem_mscb_lite_stage3_warmup_cosine","Exp37","7777","CVC-ClinicDB","MAE","0.009835550783898573","VALID FOR FINAL ABLATION","P-WC200-LW","C:\Users\jafari.h\Desktop\ai_project\ConvNeXt_Unet\one_seed_results\ablation\37_fafem_mscb_lite_stage3_warmup_cosine\seed_7777\best_checkpoint.pth","one_seed_results\ablation\37_fafem_mscb_lite_stage3_warmup_cosine\seed_7777\evaluation_summary.json","",""
"one_seed_37_fafem_mscb_lite_stage3_warmup_cosine","Exp37","7777","CVC-ColonDB","mDice","0.794893997519875","VALID FOR FINAL ABLATION","P-WC200-LW","C:\Users\jafari.h\Desktop\ai_project\ConvNeXt_Unet\one_seed_results\ablation\37_fafem_mscb_lite_stage3_warmup_cosine\seed_7777\best_checkpoint.pth","one_seed_results\ablation\37_fafem_mscb_lite_stage3_warmup_cosine\seed_7777\evaluation_summary.json","",""
"one_seed_37_fafem_mscb_lite_stage3_warmup_cosine","Exp37","7777","CVC-ColonDB","mIoU","0.7164855663732871","VALID FOR FINAL ABLATION","P-WC200-LW","C:\Users\jafari.h\Desktop\ai_project\ConvNeXt_Unet\one_seed_results\ablation\37_fafem_mscb_lite_stage3_warmup_cosine\seed_7777\best_checkpoint.pth","one_seed_results\ablation\37_fafem_mscb_lite_stage3_warmup_cosine\seed_7777\evaluation_summary.json","",""
"one_seed_37_fafem_mscb_lite_stage3_warmup_cosine","Exp37","7777","CVC-ColonDB","S_alpha","0.8643443132856842","VALID FOR FINAL ABLATION","P-WC200-LW","C:\Users\jafari.h\Desktop\ai_project\ConvNeXt_Unet\one_seed_results\ablation\37_fafem_mscb_lite_stage3_warmup_cosine\seed_7777\best_checkpoint.pth","one_seed_results\ablation\37_fafem_mscb_lite_stage3_warmup_cosine\seed_7777\evaluation_summary.json","",""
"one_seed_37_fafem_mscb_lite_stage3_warmup_cosine","Exp37","7777","CVC-ColonDB","F_beta_w","0.7747095582023855","VALID FOR FINAL ABLATION","P-WC200-LW","C:\Users\jafari.h\Desktop\ai_project\ConvNeXt_Unet\one_seed_results\ablation\37_fafem_mscb_lite_stage3_warmup_cosine\seed_7777\best_checkpoint.pth","one_seed_results\ablation\37_fafem_mscb_lite_stage3_warmup_cosine\seed_7777\evaluation_summary.json","",""
"one_seed_37_fafem_mscb_lite_stage3_warmup_cosine","Exp37","7777","CVC-ColonDB","maxE_phi","0.9017015048226369","VALID FOR FINAL ABLATION","P-WC200-LW","C:\Users\jafari.h\Desktop\ai_project\ConvNeXt_Unet\one_seed_results\ablation\37_fafem_mscb_lite_stage3_warmup_cosine\seed_7777\best_checkpoint.pth","one_seed_results\ablation\37_fafem_mscb_lite_stage3_warmup_cosine\seed_7777\evaluation_summary.json","",""
"one_seed_37_fafem_mscb_lite_stage3_warmup_cosine","Exp37","7777","CVC-ColonDB","mE_phi","0.8963394855649758","VALID FOR FINAL ABLATION","P-WC200-LW","C:\Users\jafari.h\Desktop\ai_project\ConvNeXt_Unet\one_seed_results\ablation\37_fafem_mscb_lite_stage3_warmup_cosine\seed_7777\best_checkpoint.pth","one_seed_results\ablation\37_fafem_mscb_lite_stage3_warmup_cosine\seed_7777\evaluation_summary.json","",""
"one_seed_37_fafem_mscb_lite_stage3_warmup_cosine","Exp37","7777","CVC-ColonDB","MAE","0.03477561893974257","VALID FOR FINAL ABLATION","P-WC200-LW","C:\Users\jafari.h\Desktop\ai_project\ConvNeXt_Unet\one_seed_results\ablation\37_fafem_mscb_lite_stage3_warmup_cosine\seed_7777\best_checkpoint.pth","one_seed_results\ablation\37_fafem_mscb_lite_stage3_warmup_cosine\seed_7777\evaluation_summary.json","",""
"one_seed_37_fafem_mscb_lite_stage3_warmup_cosine","Exp37","7777","ETIS-LaribPolypDB","mDice","0.7853870959607034","VALID FOR FINAL ABLATION","P-WC200-LW","C:\Users\jafari.h\Desktop\ai_project\ConvNeXt_Unet\one_seed_results\ablation\37_fafem_mscb_lite_stage3_warmup_cosine\seed_7777\best_checkpoint.pth","one_seed_results\ablation\37_fafem_mscb_lite_stage3_warmup_cosine\seed_7777\evaluation_summary.json","",""
"one_seed_37_fafem_mscb_lite_stage3_warmup_cosine","Exp37","7777","ETIS-LaribPolypDB","mIoU","0.7075366580475374","VALID FOR FINAL ABLATION","P-WC200-LW","C:\Users\jafari.h\Desktop\ai_project\ConvNeXt_Unet\one_seed_results\ablation\37_fafem_mscb_lite_stage3_warmup_cosine\seed_7777\best_checkpoint.pth","one_seed_results\ablation\37_fafem_mscb_lite_stage3_warmup_cosine\seed_7777\evaluation_summary.json","",""
"one_seed_37_fafem_mscb_lite_stage3_warmup_cosine","Exp37","7777","ETIS-LaribPolypDB","S_alpha","0.8753928902362954","VALID FOR FINAL ABLATION","P-WC200-LW","C:\Users\jafari.h\Desktop\ai_project\ConvNeXt_Unet\one_seed_results\ablation\37_fafem_mscb_lite_stage3_warmup_cosine\seed_7777\best_checkpoint.pth","one_seed_results\ablation\37_fafem_mscb_lite_stage3_warmup_cosine\seed_7777\evaluation_summary.json","",""
"one_seed_37_fafem_mscb_lite_stage3_warmup_cosine","Exp37","7777","ETIS-LaribPolypDB","F_beta_w","0.7529572196679841","VALID FOR FINAL ABLATION","P-WC200-LW","C:\Users\jafari.h\Desktop\ai_project\ConvNeXt_Unet\one_seed_results\ablation\37_fafem_mscb_lite_stage3_warmup_cosine\seed_7777\best_checkpoint.pth","one_seed_results\ablation\37_fafem_mscb_lite_stage3_warmup_cosine\seed_7777\evaluation_summary.json","",""
"one_seed_37_fafem_mscb_lite_stage3_warmup_cosine","Exp37","7777","ETIS-LaribPolypDB","maxE_phi","0.8963801767779709","VALID FOR FINAL ABLATION","P-WC200-LW","C:\Users\jafari.h\Desktop\ai_project\ConvNeXt_Unet\one_seed_results\ablation\37_fafem_mscb_lite_stage3_warmup_cosine\seed_7777\best_checkpoint.pth","one_seed_results\ablation\37_fafem_mscb_lite_stage3_warmup_cosine\seed_7777\evaluation_summary.json","",""
"one_seed_37_fafem_mscb_lite_stage3_warmup_cosine","Exp37","7777","ETIS-LaribPolypDB","mE_phi","0.8843762276683286","VALID FOR FINAL ABLATION","P-WC200-LW","C:\Users\jafari.h\Desktop\ai_project\ConvNeXt_Unet\one_seed_results\ablation\37_fafem_mscb_lite_stage3_warmup_cosine\seed_7777\best_checkpoint.pth","one_seed_results\ablation\37_fafem_mscb_lite_stage3_warmup_cosine\seed_7777\evaluation_summary.json","",""
"one_seed_37_fafem_mscb_lite_stage3_warmup_cosine","Exp37","7777","ETIS-LaribPolypDB","MAE","0.013213975145852997","VALID FOR FINAL ABLATION","P-WC200-LW","C:\Users\jafari.h\Desktop\ai_project\ConvNeXt_Unet\one_seed_results\ablation\37_fafem_mscb_lite_stage3_warmup_cosine\seed_7777\best_checkpoint.pth","one_seed_results\ablation\37_fafem_mscb_lite_stage3_warmup_cosine\seed_7777\evaluation_summary.json","",""
"one_seed_37_fafem_mscb_lite_stage3_warmup_cosine","Exp37","7777","Kvasir-SEG","mDice","0.9326141238212585","VALID FOR FINAL ABLATION","P-WC200-LW","C:\Users\jafari.h\Desktop\ai_project\ConvNeXt_Unet\one_seed_results\ablation\37_fafem_mscb_lite_stage3_warmup_cosine\seed_7777\best_checkpoint.pth","one_seed_results\ablation\37_fafem_mscb_lite_stage3_warmup_cosine\seed_7777\evaluation_summary.json","",""
"one_seed_37_fafem_mscb_lite_stage3_warmup_cosine","Exp37","7777","Kvasir-SEG","mIoU","0.8846617451310158","VALID FOR FINAL ABLATION","P-WC200-LW","C:\Users\jafari.h\Desktop\ai_project\ConvNeXt_Unet\one_seed_results\ablation\37_fafem_mscb_lite_stage3_warmup_cosine\seed_7777\best_checkpoint.pth","one_seed_results\ablation\37_fafem_mscb_lite_stage3_warmup_cosine\seed_7777\evaluation_summary.json","",""
"one_seed_37_fafem_mscb_lite_stage3_warmup_cosine","Exp37","7777","Kvasir-SEG","S_alpha","0.9337510378966679","VALID FOR FINAL ABLATION","P-WC200-LW","C:\Users\jafari.h\Desktop\ai_project\ConvNeXt_Unet\one_seed_results\ablation\37_fafem_mscb_lite_stage3_warmup_cosine\seed_7777\best_checkpoint.pth","one_seed_results\ablation\37_fafem_mscb_lite_stage3_warmup_cosine\seed_7777\evaluation_summary.json","",""
"one_seed_37_fafem_mscb_lite_stage3_warmup_cosine","Exp37","7777","Kvasir-SEG","F_beta_w","0.9134871075036355","VALID FOR FINAL ABLATION","P-WC200-LW","C:\Users\jafari.h\Desktop\ai_project\ConvNeXt_Unet\one_seed_results\ablation\37_fafem_mscb_lite_stage3_warmup_cosine\seed_7777\best_checkpoint.pth","one_seed_results\ablation\37_fafem_mscb_lite_stage3_warmup_cosine\seed_7777\evaluation_summary.json","",""
"one_seed_37_fafem_mscb_lite_stage3_warmup_cosine","Exp37","7777","Kvasir-SEG","maxE_phi","0.9670923812098369","VALID FOR FINAL ABLATION","P-WC200-LW","C:\Users\jafari.h\Desktop\ai_project\ConvNeXt_Unet\one_seed_results\ablation\37_fafem_mscb_lite_stage3_warmup_cosine\seed_7777\best_checkpoint.pth","one_seed_results\ablation\37_fafem_mscb_lite_stage3_warmup_cosine\seed_7777\evaluation_summary.json","",""
"one_seed_37_fafem_mscb_lite_stage3_warmup_cosine","Exp37","7777","Kvasir-SEG","mE_phi","0.960918885065435","VALID FOR FINAL ABLATION","P-WC200-LW","C:\Users\jafari.h\Desktop\ai_project\ConvNeXt_Unet\one_seed_results\ablation\37_fafem_mscb_lite_stage3_warmup_cosine\seed_7777\best_checkpoint.pth","one_seed_results\ablation\37_fafem_mscb_lite_stage3_warmup_cosine\seed_7777\evaluation_summary.json","",""
"one_seed_37_fafem_mscb_lite_stage3_warmup_cosine","Exp37","7777","Kvasir-SEG","MAE","0.024103901432961056","VALID FOR FINAL ABLATION","P-WC200-LW","C:\Users\jafari.h\Desktop\ai_project\ConvNeXt_Unet\one_seed_results\ablation\37_fafem_mscb_lite_stage3_warmup_cosine\seed_7777\best_checkpoint.pth","one_seed_results\ablation\37_fafem_mscb_lite_stage3_warmup_cosine\seed_7777\evaluation_summary.json","",""
"one_seed_41_fafem_mscb_lite_stage3_stage2_warmup_cosine","Exp41","42","CVC-300","mDice","0.8841387957334519","EXPLORATORY ONLY","P-WC200-LW","C:\Users\jafari.h\Desktop\ai_project\ConvNeXt_Unet\one_seed_results\ablation\41_fafem_mscb_lite_stage3_stage2_warmup_cosine\seed_42\best_checkpoint.pth","one_seed_results\ablation\41_fafem_mscb_lite_stage3_stage2_warmup_cosine\seed_42\evaluation_summary.json","",""
"one_seed_41_fafem_mscb_lite_stage3_stage2_warmup_cosine","Exp41","42","CVC-300","mIoU","0.8141613247493903","EXPLORATORY ONLY","P-WC200-LW","C:\Users\jafari.h\Desktop\ai_project\ConvNeXt_Unet\one_seed_results\ablation\41_fafem_mscb_lite_stage3_stage2_warmup_cosine\seed_42\best_checkpoint.pth","one_seed_results\ablation\41_fafem_mscb_lite_stage3_stage2_warmup_cosine\seed_42\evaluation_summary.json","",""
"one_seed_41_fafem_mscb_lite_stage3_stage2_warmup_cosine","Exp41","42","CVC-300","S_alpha","0.9328757682823648","EXPLORATORY ONLY","P-WC200-LW","C:\Users\jafari.h\Desktop\ai_project\ConvNeXt_Unet\one_seed_results\ablation\41_fafem_mscb_lite_stage3_stage2_warmup_cosine\seed_42\best_checkpoint.pth","one_seed_results\ablation\41_fafem_mscb_lite_stage3_stage2_warmup_cosine\seed_42\evaluation_summary.json","",""
"one_seed_41_fafem_mscb_lite_stage3_stage2_warmup_cosine","Exp41","42","CVC-300","F_beta_w","0.8599676017092641","EXPLORATORY ONLY","P-WC200-LW","C:\Users\jafari.h\Desktop\ai_project\ConvNeXt_Unet\one_seed_results\ablation\41_fafem_mscb_lite_stage3_stage2_warmup_cosine\seed_42\best_checkpoint.pth","one_seed_results\ablation\41_fafem_mscb_lite_stage3_stage2_warmup_cosine\seed_42\evaluation_summary.json","",""
"one_seed_41_fafem_mscb_lite_stage3_stage2_warmup_cosine","Exp41","42","CVC-300","maxE_phi","0.969344968851183","EXPLORATORY ONLY","P-WC200-LW","C:\Users\jafari.h\Desktop\ai_project\ConvNeXt_Unet\one_seed_results\ablation\41_fafem_mscb_lite_stage3_stage2_warmup_cosine\seed_42\best_checkpoint.pth","one_seed_results\ablation\41_fafem_mscb_lite_stage3_stage2_warmup_cosine\seed_42\evaluation_summary.json","",""
"one_seed_41_fafem_mscb_lite_stage3_stage2_warmup_cosine","Exp41","42","CVC-300","mE_phi","0.9524053166184728","EXPLORATORY ONLY","P-WC200-LW","C:\Users\jafari.h\Desktop\ai_project\ConvNeXt_Unet\one_seed_results\ablation\41_fafem_mscb_lite_stage3_stage2_warmup_cosine\seed_42\best_checkpoint.pth","one_seed_results\ablation\41_fafem_mscb_lite_stage3_stage2_warmup_cosine\seed_42\evaluation_summary.json","",""
"one_seed_41_fafem_mscb_lite_stage3_stage2_warmup_cosine","Exp41","42","CVC-300","MAE","0.007182817261962864","EXPLORATORY ONLY","P-WC200-LW","C:\Users\jafari.h\Desktop\ai_project\ConvNeXt_Unet\one_seed_results\ablation\41_fafem_mscb_lite_stage3_stage2_warmup_cosine\seed_42\best_checkpoint.pth","one_seed_results\ablation\41_fafem_mscb_lite_stage3_stage2_warmup_cosine\seed_42\evaluation_summary.json","",""
"one_seed_41_fafem_mscb_lite_stage3_stage2_warmup_cosine","Exp41","42","CVC-ClinicDB","mDice","0.9389803092325887","EXPLORATORY ONLY","P-WC200-LW","C:\Users\jafari.h\Desktop\ai_project\ConvNeXt_Unet\one_seed_results\ablation\41_fafem_mscb_lite_stage3_stage2_warmup_cosine\seed_42\best_checkpoint.pth","one_seed_results\ablation\41_fafem_mscb_lite_stage3_stage2_warmup_cosine\seed_42\evaluation_summary.json","",""
"one_seed_41_fafem_mscb_lite_stage3_stage2_warmup_cosine","Exp41","42","CVC-ClinicDB","mIoU","0.8898570244350741","EXPLORATORY ONLY","P-WC200-LW","C:\Users\jafari.h\Desktop\ai_project\ConvNeXt_Unet\one_seed_results\ablation\41_fafem_mscb_lite_stage3_stage2_warmup_cosine\seed_42\best_checkpoint.pth","one_seed_results\ablation\41_fafem_mscb_lite_stage3_stage2_warmup_cosine\seed_42\evaluation_summary.json","",""
"one_seed_41_fafem_mscb_lite_stage3_stage2_warmup_cosine","Exp41","42","CVC-ClinicDB","S_alpha","0.9492442676794615","EXPLORATORY ONLY","P-WC200-LW","C:\Users\jafari.h\Desktop\ai_project\ConvNeXt_Unet\one_seed_results\ablation\41_fafem_mscb_lite_stage3_stage2_warmup_cosine\seed_42\best_checkpoint.pth","one_seed_results\ablation\41_fafem_mscb_lite_stage3_stage2_warmup_cosine\seed_42\evaluation_summary.json","",""
"one_seed_41_fafem_mscb_lite_stage3_stage2_warmup_cosine","Exp41","42","CVC-ClinicDB","F_beta_w","0.9267638851240458","EXPLORATORY ONLY","P-WC200-LW","C:\Users\jafari.h\Desktop\ai_project\ConvNeXt_Unet\one_seed_results\ablation\41_fafem_mscb_lite_stage3_stage2_warmup_cosine\seed_42\best_checkpoint.pth","one_seed_results\ablation\41_fafem_mscb_lite_stage3_stage2_warmup_cosine\seed_42\evaluation_summary.json","",""
"one_seed_41_fafem_mscb_lite_stage3_stage2_warmup_cosine","Exp41","42","CVC-ClinicDB","maxE_phi","0.9838026978529891","EXPLORATORY ONLY","P-WC200-LW","C:\Users\jafari.h\Desktop\ai_project\ConvNeXt_Unet\one_seed_results\ablation\41_fafem_mscb_lite_stage3_stage2_warmup_cosine\seed_42\best_checkpoint.pth","one_seed_results\ablation\41_fafem_mscb_lite_stage3_stage2_warmup_cosine\seed_42\evaluation_summary.json","",""
"one_seed_41_fafem_mscb_lite_stage3_stage2_warmup_cosine","Exp41","42","CVC-ClinicDB","mE_phi","0.9788095171880942","EXPLORATORY ONLY","P-WC200-LW","C:\Users\jafari.h\Desktop\ai_project\ConvNeXt_Unet\one_seed_results\ablation\41_fafem_mscb_lite_stage3_stage2_warmup_cosine\seed_42\best_checkpoint.pth","one_seed_results\ablation\41_fafem_mscb_lite_stage3_stage2_warmup_cosine\seed_42\evaluation_summary.json","",""
"one_seed_41_fafem_mscb_lite_stage3_stage2_warmup_cosine","Exp41","42","CVC-ClinicDB","MAE","0.010324400902869468","EXPLORATORY ONLY","P-WC200-LW","C:\Users\jafari.h\Desktop\ai_project\ConvNeXt_Unet\one_seed_results\ablation\41_fafem_mscb_lite_stage3_stage2_warmup_cosine\seed_42\best_checkpoint.pth","one_seed_results\ablation\41_fafem_mscb_lite_stage3_stage2_warmup_cosine\seed_42\evaluation_summary.json","",""
"one_seed_41_fafem_mscb_lite_stage3_stage2_warmup_cosine","Exp41","42","CVC-ColonDB","mDice","0.7837034961204296","EXPLORATORY ONLY","P-WC200-LW","C:\Users\jafari.h\Desktop\ai_project\ConvNeXt_Unet\one_seed_results\ablation\41_fafem_mscb_lite_stage3_stage2_warmup_cosine\seed_42\best_checkpoint.pth","one_seed_results\ablation\41_fafem_mscb_lite_stage3_stage2_warmup_cosine\seed_42\evaluation_summary.json","",""
"one_seed_41_fafem_mscb_lite_stage3_stage2_warmup_cosine","Exp41","42","CVC-ColonDB","mIoU","0.7021288128908436","EXPLORATORY ONLY","P-WC200-LW","C:\Users\jafari.h\Desktop\ai_project\ConvNeXt_Unet\one_seed_results\ablation\41_fafem_mscb_lite_stage3_stage2_warmup_cosine\seed_42\best_checkpoint.pth","one_seed_results\ablation\41_fafem_mscb_lite_stage3_stage2_warmup_cosine\seed_42\evaluation_summary.json","",""
"one_seed_41_fafem_mscb_lite_stage3_stage2_warmup_cosine","Exp41","42","CVC-ColonDB","S_alpha","0.8544914507294913","EXPLORATORY ONLY","P-WC200-LW","C:\Users\jafari.h\Desktop\ai_project\ConvNeXt_Unet\one_seed_results\ablation\41_fafem_mscb_lite_stage3_stage2_warmup_cosine\seed_42\best_checkpoint.pth","one_seed_results\ablation\41_fafem_mscb_lite_stage3_stage2_warmup_cosine\seed_42\evaluation_summary.json","",""
"one_seed_41_fafem_mscb_lite_stage3_stage2_warmup_cosine","Exp41","42","CVC-ColonDB","F_beta_w","0.7594138925249864","EXPLORATORY ONLY","P-WC200-LW","C:\Users\jafari.h\Desktop\ai_project\ConvNeXt_Unet\one_seed_results\ablation\41_fafem_mscb_lite_stage3_stage2_warmup_cosine\seed_42\best_checkpoint.pth","one_seed_results\ablation\41_fafem_mscb_lite_stage3_stage2_warmup_cosine\seed_42\evaluation_summary.json","",""
"one_seed_41_fafem_mscb_lite_stage3_stage2_warmup_cosine","Exp41","42","CVC-ColonDB","maxE_phi","0.8884781168514843","EXPLORATORY ONLY","P-WC200-LW","C:\Users\jafari.h\Desktop\ai_project\ConvNeXt_Unet\one_seed_results\ablation\41_fafem_mscb_lite_stage3_stage2_warmup_cosine\seed_42\best_checkpoint.pth","one_seed_results\ablation\41_fafem_mscb_lite_stage3_stage2_warmup_cosine\seed_42\evaluation_summary.json","",""
"one_seed_41_fafem_mscb_lite_stage3_stage2_warmup_cosine","Exp41","42","CVC-ColonDB","mE_phi","0.8828637974172124","EXPLORATORY ONLY","P-WC200-LW","C:\Users\jafari.h\Desktop\ai_project\ConvNeXt_Unet\one_seed_results\ablation\41_fafem_mscb_lite_stage3_stage2_warmup_cosine\seed_42\best_checkpoint.pth","one_seed_results\ablation\41_fafem_mscb_lite_stage3_stage2_warmup_cosine\seed_42\evaluation_summary.json","",""
"one_seed_41_fafem_mscb_lite_stage3_stage2_warmup_cosine","Exp41","42","CVC-ColonDB","MAE","0.03604819402871437","EXPLORATORY ONLY","P-WC200-LW","C:\Users\jafari.h\Desktop\ai_project\ConvNeXt_Unet\one_seed_results\ablation\41_fafem_mscb_lite_stage3_stage2_warmup_cosine\seed_42\best_checkpoint.pth","one_seed_results\ablation\41_fafem_mscb_lite_stage3_stage2_warmup_cosine\seed_42\evaluation_summary.json","",""
"one_seed_41_fafem_mscb_lite_stage3_stage2_warmup_cosine","Exp41","42","ETIS-LaribPolypDB","mDice","0.784265871384009","EXPLORATORY ONLY","P-WC200-LW","C:\Users\jafari.h\Desktop\ai_project\ConvNeXt_Unet\one_seed_results\ablation\41_fafem_mscb_lite_stage3_stage2_warmup_cosine\seed_42\best_checkpoint.pth","one_seed_results\ablation\41_fafem_mscb_lite_stage3_stage2_warmup_cosine\seed_42\evaluation_summary.json","",""
"one_seed_41_fafem_mscb_lite_stage3_stage2_warmup_cosine","Exp41","42","ETIS-LaribPolypDB","mIoU","0.7072539546355899","EXPLORATORY ONLY","P-WC200-LW","C:\Users\jafari.h\Desktop\ai_project\ConvNeXt_Unet\one_seed_results\ablation\41_fafem_mscb_lite_stage3_stage2_warmup_cosine\seed_42\best_checkpoint.pth","one_seed_results\ablation\41_fafem_mscb_lite_stage3_stage2_warmup_cosine\seed_42\evaluation_summary.json","",""
"one_seed_41_fafem_mscb_lite_stage3_stage2_warmup_cosine","Exp41","42","ETIS-LaribPolypDB","S_alpha","0.8764221494701744","EXPLORATORY ONLY","P-WC200-LW","C:\Users\jafari.h\Desktop\ai_project\ConvNeXt_Unet\one_seed_results\ablation\41_fafem_mscb_lite_stage3_stage2_warmup_cosine\seed_42\best_checkpoint.pth","one_seed_results\ablation\41_fafem_mscb_lite_stage3_stage2_warmup_cosine\seed_42\evaluation_summary.json","",""
"one_seed_41_fafem_mscb_lite_stage3_stage2_warmup_cosine","Exp41","42","ETIS-LaribPolypDB","F_beta_w","0.7503642402522316","EXPLORATORY ONLY","P-WC200-LW","C:\Users\jafari.h\Desktop\ai_project\ConvNeXt_Unet\one_seed_results\ablation\41_fafem_mscb_lite_stage3_stage2_warmup_cosine\seed_42\best_checkpoint.pth","one_seed_results\ablation\41_fafem_mscb_lite_stage3_stage2_warmup_cosine\seed_42\evaluation_summary.json","",""
"one_seed_41_fafem_mscb_lite_stage3_stage2_warmup_cosine","Exp41","42","ETIS-LaribPolypDB","maxE_phi","0.9142634295196493","EXPLORATORY ONLY","P-WC200-LW","C:\Users\jafari.h\Desktop\ai_project\ConvNeXt_Unet\one_seed_results\ablation\41_fafem_mscb_lite_stage3_stage2_warmup_cosine\seed_42\best_checkpoint.pth","one_seed_results\ablation\41_fafem_mscb_lite_stage3_stage2_warmup_cosine\seed_42\evaluation_summary.json","",""
"one_seed_41_fafem_mscb_lite_stage3_stage2_warmup_cosine","Exp41","42","ETIS-LaribPolypDB","mE_phi","0.8945222749067567","EXPLORATORY ONLY","P-WC200-LW","C:\Users\jafari.h\Desktop\ai_project\ConvNeXt_Unet\one_seed_results\ablation\41_fafem_mscb_lite_stage3_stage2_warmup_cosine\seed_42\best_checkpoint.pth","one_seed_results\ablation\41_fafem_mscb_lite_stage3_stage2_warmup_cosine\seed_42\evaluation_summary.json","",""
"one_seed_41_fafem_mscb_lite_stage3_stage2_warmup_cosine","Exp41","42","ETIS-LaribPolypDB","MAE","0.014105344062544562","EXPLORATORY ONLY","P-WC200-LW","C:\Users\jafari.h\Desktop\ai_project\ConvNeXt_Unet\one_seed_results\ablation\41_fafem_mscb_lite_stage3_stage2_warmup_cosine\seed_42\best_checkpoint.pth","one_seed_results\ablation\41_fafem_mscb_lite_stage3_stage2_warmup_cosine\seed_42\evaluation_summary.json","",""
"one_seed_41_fafem_mscb_lite_stage3_stage2_warmup_cosine","Exp41","42","Kvasir-SEG","mDice","0.9289559572935104","EXPLORATORY ONLY","P-WC200-LW","C:\Users\jafari.h\Desktop\ai_project\ConvNeXt_Unet\one_seed_results\ablation\41_fafem_mscb_lite_stage3_stage2_warmup_cosine\seed_42\best_checkpoint.pth","one_seed_results\ablation\41_fafem_mscb_lite_stage3_stage2_warmup_cosine\seed_42\evaluation_summary.json","",""
"one_seed_41_fafem_mscb_lite_stage3_stage2_warmup_cosine","Exp41","42","Kvasir-SEG","mIoU","0.8791089162230492","EXPLORATORY ONLY","P-WC200-LW","C:\Users\jafari.h\Desktop\ai_project\ConvNeXt_Unet\one_seed_results\ablation\41_fafem_mscb_lite_stage3_stage2_warmup_cosine\seed_42\best_checkpoint.pth","one_seed_results\ablation\41_fafem_mscb_lite_stage3_stage2_warmup_cosine\seed_42\evaluation_summary.json","",""
"one_seed_41_fafem_mscb_lite_stage3_stage2_warmup_cosine","Exp41","42","Kvasir-SEG","S_alpha","0.9312972256752708","EXPLORATORY ONLY","P-WC200-LW","C:\Users\jafari.h\Desktop\ai_project\ConvNeXt_Unet\one_seed_results\ablation\41_fafem_mscb_lite_stage3_stage2_warmup_cosine\seed_42\best_checkpoint.pth","one_seed_results\ablation\41_fafem_mscb_lite_stage3_stage2_warmup_cosine\seed_42\evaluation_summary.json","",""
"one_seed_41_fafem_mscb_lite_stage3_stage2_warmup_cosine","Exp41","42","Kvasir-SEG","F_beta_w","0.9078663587196641","EXPLORATORY ONLY","P-WC200-LW","C:\Users\jafari.h\Desktop\ai_project\ConvNeXt_Unet\one_seed_results\ablation\41_fafem_mscb_lite_stage3_stage2_warmup_cosine\seed_42\best_checkpoint.pth","one_seed_results\ablation\41_fafem_mscb_lite_stage3_stage2_warmup_cosine\seed_42\evaluation_summary.json","",""
"one_seed_41_fafem_mscb_lite_stage3_stage2_warmup_cosine","Exp41","42","Kvasir-SEG","maxE_phi","0.9651545296489304","EXPLORATORY ONLY","P-WC200-LW","C:\Users\jafari.h\Desktop\ai_project\ConvNeXt_Unet\one_seed_results\ablation\41_fafem_mscb_lite_stage3_stage2_warmup_cosine\seed_42\best_checkpoint.pth","one_seed_results\ablation\41_fafem_mscb_lite_stage3_stage2_warmup_cosine\seed_42\evaluation_summary.json","",""
"one_seed_41_fafem_mscb_lite_stage3_stage2_warmup_cosine","Exp41","42","Kvasir-SEG","mE_phi","0.9584729893344396","EXPLORATORY ONLY","P-WC200-LW","C:\Users\jafari.h\Desktop\ai_project\ConvNeXt_Unet\one_seed_results\ablation\41_fafem_mscb_lite_stage3_stage2_warmup_cosine\seed_42\best_checkpoint.pth","one_seed_results\ablation\41_fafem_mscb_lite_stage3_stage2_warmup_cosine\seed_42\evaluation_summary.json","",""
"one_seed_41_fafem_mscb_lite_stage3_stage2_warmup_cosine","Exp41","42","Kvasir-SEG","MAE","0.024306786788450902","EXPLORATORY ONLY","P-WC200-LW","C:\Users\jafari.h\Desktop\ai_project\ConvNeXt_Unet\one_seed_results\ablation\41_fafem_mscb_lite_stage3_stage2_warmup_cosine\seed_42\best_checkpoint.pth","one_seed_results\ablation\41_fafem_mscb_lite_stage3_stage2_warmup_cosine\seed_42\evaluation_summary.json","",""
"one_seed_03_baseline_plus_fafem","Exp03","42","CVC-300","mDice","0.8859284415841102","PROTOCOL MISMATCH","P-OLD350-PLATEAU","C:\Users\jafari.h\Desktop\ai_project\ConvNeXt_Unet\one_seed_results\ablation\03_baseline_plus_fafem\seed_42\best_checkpoint.pth","one_seed_results\ablation\03_baseline_plus_fafem\seed_42\evaluation_summary.json","",""
"one_seed_03_baseline_plus_fafem","Exp03","42","CVC-300","mIoU","0.8131852875153224","PROTOCOL MISMATCH","P-OLD350-PLATEAU","C:\Users\jafari.h\Desktop\ai_project\ConvNeXt_Unet\one_seed_results\ablation\03_baseline_plus_fafem\seed_42\best_checkpoint.pth","one_seed_results\ablation\03_baseline_plus_fafem\seed_42\evaluation_summary.json","",""
"one_seed_03_baseline_plus_fafem","Exp03","42","CVC-300","S_alpha","0.9276243554134047","PROTOCOL MISMATCH","P-OLD350-PLATEAU","C:\Users\jafari.h\Desktop\ai_project\ConvNeXt_Unet\one_seed_results\ablation\03_baseline_plus_fafem\seed_42\best_checkpoint.pth","one_seed_results\ablation\03_baseline_plus_fafem\seed_42\evaluation_summary.json","",""
"one_seed_03_baseline_plus_fafem","Exp03","42","CVC-300","F_beta_w","0.864619593925323","PROTOCOL MISMATCH","P-OLD350-PLATEAU","C:\Users\jafari.h\Desktop\ai_project\ConvNeXt_Unet\one_seed_results\ablation\03_baseline_plus_fafem\seed_42\best_checkpoint.pth","one_seed_results\ablation\03_baseline_plus_fafem\seed_42\evaluation_summary.json","",""
"one_seed_03_baseline_plus_fafem","Exp03","42","CVC-300","maxE_phi","0.9710500583090821","PROTOCOL MISMATCH","P-OLD350-PLATEAU","C:\Users\jafari.h\Desktop\ai_project\ConvNeXt_Unet\one_seed_results\ablation\03_baseline_plus_fafem\seed_42\best_checkpoint.pth","one_seed_results\ablation\03_baseline_plus_fafem\seed_42\evaluation_summary.json","",""
"one_seed_03_baseline_plus_fafem","Exp03","42","CVC-300","mE_phi","0.9644249106171315","PROTOCOL MISMATCH","P-OLD350-PLATEAU","C:\Users\jafari.h\Desktop\ai_project\ConvNeXt_Unet\one_seed_results\ablation\03_baseline_plus_fafem\seed_42\best_checkpoint.pth","one_seed_results\ablation\03_baseline_plus_fafem\seed_42\evaluation_summary.json","",""
"one_seed_03_baseline_plus_fafem","Exp03","42","CVC-300","MAE","0.006953819382307325","PROTOCOL MISMATCH","P-OLD350-PLATEAU","C:\Users\jafari.h\Desktop\ai_project\ConvNeXt_Unet\one_seed_results\ablation\03_baseline_plus_fafem\seed_42\best_checkpoint.pth","one_seed_results\ablation\03_baseline_plus_fafem\seed_42\evaluation_summary.json","",""
"one_seed_03_baseline_plus_fafem","Exp03","42","CVC-ClinicDB","mDice","0.9417300224304199","PROTOCOL MISMATCH","P-OLD350-PLATEAU","C:\Users\jafari.h\Desktop\ai_project\ConvNeXt_Unet\one_seed_results\ablation\03_baseline_plus_fafem\seed_42\best_checkpoint.pth","one_seed_results\ablation\03_baseline_plus_fafem\seed_42\evaluation_summary.json","",""
"one_seed_03_baseline_plus_fafem","Exp03","42","CVC-ClinicDB","mIoU","0.8943581484979198","PROTOCOL MISMATCH","P-OLD350-PLATEAU","C:\Users\jafari.h\Desktop\ai_project\ConvNeXt_Unet\one_seed_results\ablation\03_baseline_plus_fafem\seed_42\best_checkpoint.pth","one_seed_results\ablation\03_baseline_plus_fafem\seed_42\evaluation_summary.json","",""
"one_seed_03_baseline_plus_fafem","Exp03","42","CVC-ClinicDB","S_alpha","0.9509150272617354","PROTOCOL MISMATCH","P-OLD350-PLATEAU","C:\Users\jafari.h\Desktop\ai_project\ConvNeXt_Unet\one_seed_results\ablation\03_baseline_plus_fafem\seed_42\best_checkpoint.pth","one_seed_results\ablation\03_baseline_plus_fafem\seed_42\evaluation_summary.json","",""
"one_seed_03_baseline_plus_fafem","Exp03","42","CVC-ClinicDB","F_beta_w","0.932269283445097","PROTOCOL MISMATCH","P-OLD350-PLATEAU","C:\Users\jafari.h\Desktop\ai_project\ConvNeXt_Unet\one_seed_results\ablation\03_baseline_plus_fafem\seed_42\best_checkpoint.pth","one_seed_results\ablation\03_baseline_plus_fafem\seed_42\evaluation_summary.json","",""
"one_seed_03_baseline_plus_fafem","Exp03","42","CVC-ClinicDB","maxE_phi","0.984774191025641","PROTOCOL MISMATCH","P-OLD350-PLATEAU","C:\Users\jafari.h\Desktop\ai_project\ConvNeXt_Unet\one_seed_results\ablation\03_baseline_plus_fafem\seed_42\best_checkpoint.pth","one_seed_results\ablation\03_baseline_plus_fafem\seed_42\evaluation_summary.json","",""
"one_seed_03_baseline_plus_fafem","Exp03","42","CVC-ClinicDB","mE_phi","0.9806281615669508","PROTOCOL MISMATCH","P-OLD350-PLATEAU","C:\Users\jafari.h\Desktop\ai_project\ConvNeXt_Unet\one_seed_results\ablation\03_baseline_plus_fafem\seed_42\best_checkpoint.pth","one_seed_results\ablation\03_baseline_plus_fafem\seed_42\evaluation_summary.json","",""
"one_seed_03_baseline_plus_fafem","Exp03","42","CVC-ClinicDB","MAE","0.009705936807599338","PROTOCOL MISMATCH","P-OLD350-PLATEAU","C:\Users\jafari.h\Desktop\ai_project\ConvNeXt_Unet\one_seed_results\ablation\03_baseline_plus_fafem\seed_42\best_checkpoint.pth","one_seed_results\ablation\03_baseline_plus_fafem\seed_42\evaluation_summary.json","",""
"one_seed_03_baseline_plus_fafem","Exp03","42","CVC-ColonDB","mDice","0.7865743459793102","PROTOCOL MISMATCH","P-OLD350-PLATEAU","C:\Users\jafari.h\Desktop\ai_project\ConvNeXt_Unet\one_seed_results\ablation\03_baseline_plus_fafem\seed_42\best_checkpoint.pth","one_seed_results\ablation\03_baseline_plus_fafem\seed_42\evaluation_summary.json","",""
"one_seed_03_baseline_plus_fafem","Exp03","42","CVC-ColonDB","mIoU","0.7046681306255455","PROTOCOL MISMATCH","P-OLD350-PLATEAU","C:\Users\jafari.h\Desktop\ai_project\ConvNeXt_Unet\one_seed_results\ablation\03_baseline_plus_fafem\seed_42\best_checkpoint.pth","one_seed_results\ablation\03_baseline_plus_fafem\seed_42\evaluation_summary.json","",""
"one_seed_03_baseline_plus_fafem","Exp03","42","CVC-ColonDB","S_alpha","0.8549878701081809","PROTOCOL MISMATCH","P-OLD350-PLATEAU","C:\Users\jafari.h\Desktop\ai_project\ConvNeXt_Unet\one_seed_results\ablation\03_baseline_plus_fafem\seed_42\best_checkpoint.pth","one_seed_results\ablation\03_baseline_plus_fafem\seed_42\evaluation_summary.json","",""
"one_seed_03_baseline_plus_fafem","Exp03","42","CVC-ColonDB","F_beta_w","0.7660449444737484","PROTOCOL MISMATCH","P-OLD350-PLATEAU","C:\Users\jafari.h\Desktop\ai_project\ConvNeXt_Unet\one_seed_results\ablation\03_baseline_plus_fafem\seed_42\best_checkpoint.pth","one_seed_results\ablation\03_baseline_plus_fafem\seed_42\evaluation_summary.json","",""
"one_seed_03_baseline_plus_fafem","Exp03","42","CVC-ColonDB","maxE_phi","0.9006300245026917","PROTOCOL MISMATCH","P-OLD350-PLATEAU","C:\Users\jafari.h\Desktop\ai_project\ConvNeXt_Unet\one_seed_results\ablation\03_baseline_plus_fafem\seed_42\best_checkpoint.pth","one_seed_results\ablation\03_baseline_plus_fafem\seed_42\evaluation_summary.json","",""
"one_seed_03_baseline_plus_fafem","Exp03","42","CVC-ColonDB","mE_phi","0.8956856657957972","PROTOCOL MISMATCH","P-OLD350-PLATEAU","C:\Users\jafari.h\Desktop\ai_project\ConvNeXt_Unet\one_seed_results\ablation\03_baseline_plus_fafem\seed_42\best_checkpoint.pth","one_seed_results\ablation\03_baseline_plus_fafem\seed_42\evaluation_summary.json","",""
"one_seed_03_baseline_plus_fafem","Exp03","42","CVC-ColonDB","MAE","0.03183456629356577","PROTOCOL MISMATCH","P-OLD350-PLATEAU","C:\Users\jafari.h\Desktop\ai_project\ConvNeXt_Unet\one_seed_results\ablation\03_baseline_plus_fafem\seed_42\best_checkpoint.pth","one_seed_results\ablation\03_baseline_plus_fafem\seed_42\evaluation_summary.json","",""
"one_seed_03_baseline_plus_fafem","Exp03","42","ETIS-LaribPolypDB","mDice","0.7980983865480886","PROTOCOL MISMATCH","P-OLD350-PLATEAU","C:\Users\jafari.h\Desktop\ai_project\ConvNeXt_Unet\one_seed_results\ablation\03_baseline_plus_fafem\seed_42\best_checkpoint.pth","one_seed_results\ablation\03_baseline_plus_fafem\seed_42\evaluation_summary.json","",""
"one_seed_03_baseline_plus_fafem","Exp03","42","ETIS-LaribPolypDB","mIoU","0.7206997831090404","PROTOCOL MISMATCH","P-OLD350-PLATEAU","C:\Users\jafari.h\Desktop\ai_project\ConvNeXt_Unet\one_seed_results\ablation\03_baseline_plus_fafem\seed_42\best_checkpoint.pth","one_seed_results\ablation\03_baseline_plus_fafem\seed_42\evaluation_summary.json","",""
"one_seed_03_baseline_plus_fafem","Exp03","42","ETIS-LaribPolypDB","S_alpha","0.8810003902732595","PROTOCOL MISMATCH","P-OLD350-PLATEAU","C:\Users\jafari.h\Desktop\ai_project\ConvNeXt_Unet\one_seed_results\ablation\03_baseline_plus_fafem\seed_42\best_checkpoint.pth","one_seed_results\ablation\03_baseline_plus_fafem\seed_42\evaluation_summary.json","",""
"one_seed_03_baseline_plus_fafem","Exp03","42","ETIS-LaribPolypDB","F_beta_w","0.770999844772509","PROTOCOL MISMATCH","P-OLD350-PLATEAU","C:\Users\jafari.h\Desktop\ai_project\ConvNeXt_Unet\one_seed_results\ablation\03_baseline_plus_fafem\seed_42\best_checkpoint.pth","one_seed_results\ablation\03_baseline_plus_fafem\seed_42\evaluation_summary.json","",""
"one_seed_03_baseline_plus_fafem","Exp03","42","ETIS-LaribPolypDB","maxE_phi","0.9118183474827708","PROTOCOL MISMATCH","P-OLD350-PLATEAU","C:\Users\jafari.h\Desktop\ai_project\ConvNeXt_Unet\one_seed_results\ablation\03_baseline_plus_fafem\seed_42\best_checkpoint.pth","one_seed_results\ablation\03_baseline_plus_fafem\seed_42\evaluation_summary.json","",""
"one_seed_03_baseline_plus_fafem","Exp03","42","ETIS-LaribPolypDB","mE_phi","0.8984201941456528","PROTOCOL MISMATCH","P-OLD350-PLATEAU","C:\Users\jafari.h\Desktop\ai_project\ConvNeXt_Unet\one_seed_results\ablation\03_baseline_plus_fafem\seed_42\best_checkpoint.pth","one_seed_results\ablation\03_baseline_plus_fafem\seed_42\evaluation_summary.json","",""
"one_seed_03_baseline_plus_fafem","Exp03","42","ETIS-LaribPolypDB","MAE","0.013892811881546225","PROTOCOL MISMATCH","P-OLD350-PLATEAU","C:\Users\jafari.h\Desktop\ai_project\ConvNeXt_Unet\one_seed_results\ablation\03_baseline_plus_fafem\seed_42\best_checkpoint.pth","one_seed_results\ablation\03_baseline_plus_fafem\seed_42\evaluation_summary.json","",""
"one_seed_03_baseline_plus_fafem","Exp03","42","Kvasir-SEG","mDice","0.9270377120375634","PROTOCOL MISMATCH","P-OLD350-PLATEAU","C:\Users\jafari.h\Desktop\ai_project\ConvNeXt_Unet\one_seed_results\ablation\03_baseline_plus_fafem\seed_42\best_checkpoint.pth","one_seed_results\ablation\03_baseline_plus_fafem\seed_42\evaluation_summary.json","",""
"one_seed_03_baseline_plus_fafem","Exp03","42","Kvasir-SEG","mIoU","0.8777860024571419","PROTOCOL MISMATCH","P-OLD350-PLATEAU","C:\Users\jafari.h\Desktop\ai_project\ConvNeXt_Unet\one_seed_results\ablation\03_baseline_plus_fafem\seed_42\best_checkpoint.pth","one_seed_results\ablation\03_baseline_plus_fafem\seed_42\evaluation_summary.json","",""
"one_seed_03_baseline_plus_fafem","Exp03","42","Kvasir-SEG","S_alpha","0.9336105227954967","PROTOCOL MISMATCH","P-OLD350-PLATEAU","C:\Users\jafari.h\Desktop\ai_project\ConvNeXt_Unet\one_seed_results\ablation\03_baseline_plus_fafem\seed_42\best_checkpoint.pth","one_seed_results\ablation\03_baseline_plus_fafem\seed_42\evaluation_summary.json","",""
"one_seed_03_baseline_plus_fafem","Exp03","42","Kvasir-SEG","F_beta_w","0.9054822593097378","PROTOCOL MISMATCH","P-OLD350-PLATEAU","C:\Users\jafari.h\Desktop\ai_project\ConvNeXt_Unet\one_seed_results\ablation\03_baseline_plus_fafem\seed_42\best_checkpoint.pth","one_seed_results\ablation\03_baseline_plus_fafem\seed_42\evaluation_summary.json","",""
"one_seed_03_baseline_plus_fafem","Exp03","42","Kvasir-SEG","maxE_phi","0.9664116519940188","PROTOCOL MISMATCH","P-OLD350-PLATEAU","C:\Users\jafari.h\Desktop\ai_project\ConvNeXt_Unet\one_seed_results\ablation\03_baseline_plus_fafem\seed_42\best_checkpoint.pth","one_seed_results\ablation\03_baseline_plus_fafem\seed_42\evaluation_summary.json","",""
"one_seed_03_baseline_plus_fafem","Exp03","42","Kvasir-SEG","mE_phi","0.959277292243933","PROTOCOL MISMATCH","P-OLD350-PLATEAU","C:\Users\jafari.h\Desktop\ai_project\ConvNeXt_Unet\one_seed_results\ablation\03_baseline_plus_fafem\seed_42\best_checkpoint.pth","one_seed_results\ablation\03_baseline_plus_fafem\seed_42\evaluation_summary.json","",""
"one_seed_03_baseline_plus_fafem","Exp03","42","Kvasir-SEG","MAE","0.02389967359794934","PROTOCOL MISMATCH","P-OLD350-PLATEAU","C:\Users\jafari.h\Desktop\ai_project\ConvNeXt_Unet\one_seed_results\ablation\03_baseline_plus_fafem\seed_42\best_checkpoint.pth","one_seed_results\ablation\03_baseline_plus_fafem\seed_42\evaluation_summary.json","",""
"one_seed_03_baseline_plus_fafem","Exp03","6543","CVC-300","mDice","0.8693882614374161","PROTOCOL MISMATCH","P-OLD350-PLATEAU","C:\Users\jafari.h\Desktop\ai_project\ConvNeXt_Unet\one_seed_results\ablation\03_baseline_plus_fafem\seed_6543\best_checkpoint.pth","one_seed_results\ablation\03_baseline_plus_fafem\seed_6543\evaluation_summary.json","",""
"one_seed_03_baseline_plus_fafem","Exp03","6543","CVC-300","mIoU","0.7974825459221999","PROTOCOL MISMATCH","P-OLD350-PLATEAU","C:\Users\jafari.h\Desktop\ai_project\ConvNeXt_Unet\one_seed_results\ablation\03_baseline_plus_fafem\seed_6543\best_checkpoint.pth","one_seed_results\ablation\03_baseline_plus_fafem\seed_6543\evaluation_summary.json","",""
"one_seed_03_baseline_plus_fafem","Exp03","6543","CVC-300","S_alpha","0.9222880226722076","PROTOCOL MISMATCH","P-OLD350-PLATEAU","C:\Users\jafari.h\Desktop\ai_project\ConvNeXt_Unet\one_seed_results\ablation\03_baseline_plus_fafem\seed_6543\best_checkpoint.pth","one_seed_results\ablation\03_baseline_plus_fafem\seed_6543\evaluation_summary.json","",""
"one_seed_03_baseline_plus_fafem","Exp03","6543","CVC-300","F_beta_w","0.8450487469301536","PROTOCOL MISMATCH","P-OLD350-PLATEAU","C:\Users\jafari.h\Desktop\ai_project\ConvNeXt_Unet\one_seed_results\ablation\03_baseline_plus_fafem\seed_6543\best_checkpoint.pth","one_seed_results\ablation\03_baseline_plus_fafem\seed_6543\evaluation_summary.json","",""
"one_seed_03_baseline_plus_fafem","Exp03","6543","CVC-300","maxE_phi","0.9432806753567616","PROTOCOL MISMATCH","P-OLD350-PLATEAU","C:\Users\jafari.h\Desktop\ai_project\ConvNeXt_Unet\one_seed_results\ablation\03_baseline_plus_fafem\seed_6543\best_checkpoint.pth","one_seed_results\ablation\03_baseline_plus_fafem\seed_6543\evaluation_summary.json","",""
"one_seed_03_baseline_plus_fafem","Exp03","6543","CVC-300","mE_phi","0.9372430213966223","PROTOCOL MISMATCH","P-OLD350-PLATEAU","C:\Users\jafari.h\Desktop\ai_project\ConvNeXt_Unet\one_seed_results\ablation\03_baseline_plus_fafem\seed_6543\best_checkpoint.pth","one_seed_results\ablation\03_baseline_plus_fafem\seed_6543\evaluation_summary.json","",""
"one_seed_03_baseline_plus_fafem","Exp03","6543","CVC-300","MAE","0.008861130617879688","PROTOCOL MISMATCH","P-OLD350-PLATEAU","C:\Users\jafari.h\Desktop\ai_project\ConvNeXt_Unet\one_seed_results\ablation\03_baseline_plus_fafem\seed_6543\best_checkpoint.pth","one_seed_results\ablation\03_baseline_plus_fafem\seed_6543\evaluation_summary.json","",""
"one_seed_03_baseline_plus_fafem","Exp03","6543","CVC-ClinicDB","mDice","0.9135997631913436","PROTOCOL MISMATCH","P-OLD350-PLATEAU","C:\Users\jafari.h\Desktop\ai_project\ConvNeXt_Unet\one_seed_results\ablation\03_baseline_plus_fafem\seed_6543\best_checkpoint.pth","one_seed_results\ablation\03_baseline_plus_fafem\seed_6543\evaluation_summary.json","",""
"one_seed_03_baseline_plus_fafem","Exp03","6543","CVC-ClinicDB","mIoU","0.858515983633285","PROTOCOL MISMATCH","P-OLD350-PLATEAU","C:\Users\jafari.h\Desktop\ai_project\ConvNeXt_Unet\one_seed_results\ablation\03_baseline_plus_fafem\seed_6543\best_checkpoint.pth","one_seed_results\ablation\03_baseline_plus_fafem\seed_6543\evaluation_summary.json","",""
"one_seed_03_baseline_plus_fafem","Exp03","6543","CVC-ClinicDB","S_alpha","0.9361789360738989","PROTOCOL MISMATCH","P-OLD350-PLATEAU","C:\Users\jafari.h\Desktop\ai_project\ConvNeXt_Unet\one_seed_results\ablation\03_baseline_plus_fafem\seed_6543\best_checkpoint.pth","one_seed_results\ablation\03_baseline_plus_fafem\seed_6543\evaluation_summary.json","",""
"one_seed_03_baseline_plus_fafem","Exp03","6543","CVC-ClinicDB","F_beta_w","0.9045354647007309","PROTOCOL MISMATCH","P-OLD350-PLATEAU","C:\Users\jafari.h\Desktop\ai_project\ConvNeXt_Unet\one_seed_results\ablation\03_baseline_plus_fafem\seed_6543\best_checkpoint.pth","one_seed_results\ablation\03_baseline_plus_fafem\seed_6543\evaluation_summary.json","",""
"one_seed_03_baseline_plus_fafem","Exp03","6543","CVC-ClinicDB","maxE_phi","0.9726656863243375","PROTOCOL MISMATCH","P-OLD350-PLATEAU","C:\Users\jafari.h\Desktop\ai_project\ConvNeXt_Unet\one_seed_results\ablation\03_baseline_plus_fafem\seed_6543\best_checkpoint.pth","one_seed_results\ablation\03_baseline_plus_fafem\seed_6543\evaluation_summary.json","",""
"one_seed_03_baseline_plus_fafem","Exp03","6543","CVC-ClinicDB","mE_phi","0.9634455939800074","PROTOCOL MISMATCH","P-OLD350-PLATEAU","C:\Users\jafari.h\Desktop\ai_project\ConvNeXt_Unet\one_seed_results\ablation\03_baseline_plus_fafem\seed_6543\best_checkpoint.pth","one_seed_results\ablation\03_baseline_plus_fafem\seed_6543\evaluation_summary.json","",""
"one_seed_03_baseline_plus_fafem","Exp03","6543","CVC-ClinicDB","MAE","0.012800866033001438","PROTOCOL MISMATCH","P-OLD350-PLATEAU","C:\Users\jafari.h\Desktop\ai_project\ConvNeXt_Unet\one_seed_results\ablation\03_baseline_plus_fafem\seed_6543\best_checkpoint.pth","one_seed_results\ablation\03_baseline_plus_fafem\seed_6543\evaluation_summary.json","",""
"one_seed_03_baseline_plus_fafem","Exp03","6543","CVC-ColonDB","mDice","0.6863497888809075","PROTOCOL MISMATCH","P-OLD350-PLATEAU","C:\Users\jafari.h\Desktop\ai_project\ConvNeXt_Unet\one_seed_results\ablation\03_baseline_plus_fafem\seed_6543\best_checkpoint.pth","one_seed_results\ablation\03_baseline_plus_fafem\seed_6543\evaluation_summary.json","",""
"one_seed_03_baseline_plus_fafem","Exp03","6543","CVC-ColonDB","mIoU","0.6046212629132026","PROTOCOL MISMATCH","P-OLD350-PLATEAU","C:\Users\jafari.h\Desktop\ai_project\ConvNeXt_Unet\one_seed_results\ablation\03_baseline_plus_fafem\seed_6543\best_checkpoint.pth","one_seed_results\ablation\03_baseline_plus_fafem\seed_6543\evaluation_summary.json","",""
"one_seed_03_baseline_plus_fafem","Exp03","6543","CVC-ColonDB","S_alpha","0.8005112151468331","PROTOCOL MISMATCH","P-OLD350-PLATEAU","C:\Users\jafari.h\Desktop\ai_project\ConvNeXt_Unet\one_seed_results\ablation\03_baseline_plus_fafem\seed_6543\best_checkpoint.pth","one_seed_results\ablation\03_baseline_plus_fafem\seed_6543\evaluation_summary.json","",""
"one_seed_03_baseline_plus_fafem","Exp03","6543","CVC-ColonDB","F_beta_w","0.6741070763900181","PROTOCOL MISMATCH","P-OLD350-PLATEAU","C:\Users\jafari.h\Desktop\ai_project\ConvNeXt_Unet\one_seed_results\ablation\03_baseline_plus_fafem\seed_6543\best_checkpoint.pth","one_seed_results\ablation\03_baseline_plus_fafem\seed_6543\evaluation_summary.json","",""
"one_seed_03_baseline_plus_fafem","Exp03","6543","CVC-ColonDB","maxE_phi","0.8443254656390903","PROTOCOL MISMATCH","P-OLD350-PLATEAU","C:\Users\jafari.h\Desktop\ai_project\ConvNeXt_Unet\one_seed_results\ablation\03_baseline_plus_fafem\seed_6543\best_checkpoint.pth","one_seed_results\ablation\03_baseline_plus_fafem\seed_6543\evaluation_summary.json","",""
"one_seed_03_baseline_plus_fafem","Exp03","6543","CVC-ColonDB","mE_phi","0.8210217729344593","PROTOCOL MISMATCH","P-OLD350-PLATEAU","C:\Users\jafari.h\Desktop\ai_project\ConvNeXt_Unet\one_seed_results\ablation\03_baseline_plus_fafem\seed_6543\best_checkpoint.pth","one_seed_results\ablation\03_baseline_plus_fafem\seed_6543\evaluation_summary.json","",""
"one_seed_03_baseline_plus_fafem","Exp03","6543","CVC-ColonDB","MAE","0.04031449787277912","PROTOCOL MISMATCH","P-OLD350-PLATEAU","C:\Users\jafari.h\Desktop\ai_project\ConvNeXt_Unet\one_seed_results\ablation\03_baseline_plus_fafem\seed_6543\best_checkpoint.pth","one_seed_results\ablation\03_baseline_plus_fafem\seed_6543\evaluation_summary.json","",""
"one_seed_03_baseline_plus_fafem","Exp03","6543","ETIS-LaribPolypDB","mDice","0.6274311325421708","PROTOCOL MISMATCH","P-OLD350-PLATEAU","C:\Users\jafari.h\Desktop\ai_project\ConvNeXt_Unet\one_seed_results\ablation\03_baseline_plus_fafem\seed_6543\best_checkpoint.pth","one_seed_results\ablation\03_baseline_plus_fafem\seed_6543\evaluation_summary.json","",""
"one_seed_03_baseline_plus_fafem","Exp03","6543","ETIS-LaribPolypDB","mIoU","0.5633238416929292","PROTOCOL MISMATCH","P-OLD350-PLATEAU","C:\Users\jafari.h\Desktop\ai_project\ConvNeXt_Unet\one_seed_results\ablation\03_baseline_plus_fafem\seed_6543\best_checkpoint.pth","one_seed_results\ablation\03_baseline_plus_fafem\seed_6543\evaluation_summary.json","",""
"one_seed_03_baseline_plus_fafem","Exp03","6543","ETIS-LaribPolypDB","S_alpha","0.7966003832741262","PROTOCOL MISMATCH","P-OLD350-PLATEAU","C:\Users\jafari.h\Desktop\ai_project\ConvNeXt_Unet\one_seed_results\ablation\03_baseline_plus_fafem\seed_6543\best_checkpoint.pth","one_seed_results\ablation\03_baseline_plus_fafem\seed_6543\evaluation_summary.json","",""
"one_seed_03_baseline_plus_fafem","Exp03","6543","ETIS-LaribPolypDB","F_beta_w","0.6118633280027291","PROTOCOL MISMATCH","P-OLD350-PLATEAU","C:\Users\jafari.h\Desktop\ai_project\ConvNeXt_Unet\one_seed_results\ablation\03_baseline_plus_fafem\seed_6543\best_checkpoint.pth","one_seed_results\ablation\03_baseline_plus_fafem\seed_6543\evaluation_summary.json","",""
"one_seed_03_baseline_plus_fafem","Exp03","6543","ETIS-LaribPolypDB","maxE_phi","0.7807359774496685","PROTOCOL MISMATCH","P-OLD350-PLATEAU","C:\Users\jafari.h\Desktop\ai_project\ConvNeXt_Unet\one_seed_results\ablation\03_baseline_plus_fafem\seed_6543\best_checkpoint.pth","one_seed_results\ablation\03_baseline_plus_fafem\seed_6543\evaluation_summary.json","",""
"one_seed_03_baseline_plus_fafem","Exp03","6543","ETIS-LaribPolypDB","mE_phi","0.7706332696399629","PROTOCOL MISMATCH","P-OLD350-PLATEAU","C:\Users\jafari.h\Desktop\ai_project\ConvNeXt_Unet\one_seed_results\ablation\03_baseline_plus_fafem\seed_6543\best_checkpoint.pth","one_seed_results\ablation\03_baseline_plus_fafem\seed_6543\evaluation_summary.json","",""
"one_seed_03_baseline_plus_fafem","Exp03","6543","ETIS-LaribPolypDB","MAE","0.01766323631005926","PROTOCOL MISMATCH","P-OLD350-PLATEAU","C:\Users\jafari.h\Desktop\ai_project\ConvNeXt_Unet\one_seed_results\ablation\03_baseline_plus_fafem\seed_6543\best_checkpoint.pth","one_seed_results\ablation\03_baseline_plus_fafem\seed_6543\evaluation_summary.json","",""
"one_seed_03_baseline_plus_fafem","Exp03","6543","Kvasir-SEG","mDice","0.9051072326302528","PROTOCOL MISMATCH","P-OLD350-PLATEAU","C:\Users\jafari.h\Desktop\ai_project\ConvNeXt_Unet\one_seed_results\ablation\03_baseline_plus_fafem\seed_6543\best_checkpoint.pth","one_seed_results\ablation\03_baseline_plus_fafem\seed_6543\evaluation_summary.json","",""
"one_seed_03_baseline_plus_fafem","Exp03","6543","Kvasir-SEG","mIoU","0.8439893060922623","PROTOCOL MISMATCH","P-OLD350-PLATEAU","C:\Users\jafari.h\Desktop\ai_project\ConvNeXt_Unet\one_seed_results\ablation\03_baseline_plus_fafem\seed_6543\best_checkpoint.pth","one_seed_results\ablation\03_baseline_plus_fafem\seed_6543\evaluation_summary.json","",""
"one_seed_03_baseline_plus_fafem","Exp03","6543","Kvasir-SEG","S_alpha","0.9146720220048692","PROTOCOL MISMATCH","P-OLD350-PLATEAU","C:\Users\jafari.h\Desktop\ai_project\ConvNeXt_Unet\one_seed_results\ablation\03_baseline_plus_fafem\seed_6543\best_checkpoint.pth","one_seed_results\ablation\03_baseline_plus_fafem\seed_6543\evaluation_summary.json","",""
"one_seed_03_baseline_plus_fafem","Exp03","6543","Kvasir-SEG","F_beta_w","0.8793849032191425","PROTOCOL MISMATCH","P-OLD350-PLATEAU","C:\Users\jafari.h\Desktop\ai_project\ConvNeXt_Unet\one_seed_results\ablation\03_baseline_plus_fafem\seed_6543\best_checkpoint.pth","one_seed_results\ablation\03_baseline_plus_fafem\seed_6543\evaluation_summary.json","",""
"one_seed_03_baseline_plus_fafem","Exp03","6543","Kvasir-SEG","maxE_phi","0.9542607628656219","PROTOCOL MISMATCH","P-OLD350-PLATEAU","C:\Users\jafari.h\Desktop\ai_project\ConvNeXt_Unet\one_seed_results\ablation\03_baseline_plus_fafem\seed_6543\best_checkpoint.pth","one_seed_results\ablation\03_baseline_plus_fafem\seed_6543\evaluation_summary.json","",""
"one_seed_03_baseline_plus_fafem","Exp03","6543","Kvasir-SEG","mE_phi","0.944125847108676","PROTOCOL MISMATCH","P-OLD350-PLATEAU","C:\Users\jafari.h\Desktop\ai_project\ConvNeXt_Unet\one_seed_results\ablation\03_baseline_plus_fafem\seed_6543\best_checkpoint.pth","one_seed_results\ablation\03_baseline_plus_fafem\seed_6543\evaluation_summary.json","",""
"one_seed_03_baseline_plus_fafem","Exp03","6543","Kvasir-SEG","MAE","0.030382921868390877","PROTOCOL MISMATCH","P-OLD350-PLATEAU","C:\Users\jafari.h\Desktop\ai_project\ConvNeXt_Unet\one_seed_results\ablation\03_baseline_plus_fafem\seed_6543\best_checkpoint.pth","one_seed_results\ablation\03_baseline_plus_fafem\seed_6543\evaluation_summary.json","",""
"one_seed_03_baseline_plus_fafem","Exp03","7777","CVC-300","mDice","0.8811098754405975","PROTOCOL MISMATCH","P-OLD350-PLATEAU","C:\Users\jafari.h\Desktop\ai_project\ConvNeXt_Unet\one_seed_results\ablation\03_baseline_plus_fafem\seed_7777\best_checkpoint.pth","one_seed_results\ablation\03_baseline_plus_fafem\seed_7777\evaluation_summary.json","",""
"one_seed_03_baseline_plus_fafem","Exp03","7777","CVC-300","mIoU","0.8082145857314269","PROTOCOL MISMATCH","P-OLD350-PLATEAU","C:\Users\jafari.h\Desktop\ai_project\ConvNeXt_Unet\one_seed_results\ablation\03_baseline_plus_fafem\seed_7777\best_checkpoint.pth","one_seed_results\ablation\03_baseline_plus_fafem\seed_7777\evaluation_summary.json","",""
"one_seed_03_baseline_plus_fafem","Exp03","7777","CVC-300","S_alpha","0.92974148815172","PROTOCOL MISMATCH","P-OLD350-PLATEAU","C:\Users\jafari.h\Desktop\ai_project\ConvNeXt_Unet\one_seed_results\ablation\03_baseline_plus_fafem\seed_7777\best_checkpoint.pth","one_seed_results\ablation\03_baseline_plus_fafem\seed_7777\evaluation_summary.json","",""
"one_seed_03_baseline_plus_fafem","Exp03","7777","CVC-300","F_beta_w","0.8598058550692911","PROTOCOL MISMATCH","P-OLD350-PLATEAU","C:\Users\jafari.h\Desktop\ai_project\ConvNeXt_Unet\one_seed_results\ablation\03_baseline_plus_fafem\seed_7777\best_checkpoint.pth","one_seed_results\ablation\03_baseline_plus_fafem\seed_7777\evaluation_summary.json","",""
"one_seed_03_baseline_plus_fafem","Exp03","7777","CVC-300","maxE_phi","0.9594365279983331","PROTOCOL MISMATCH","P-OLD350-PLATEAU","C:\Users\jafari.h\Desktop\ai_project\ConvNeXt_Unet\one_seed_results\ablation\03_baseline_plus_fafem\seed_7777\best_checkpoint.pth","one_seed_results\ablation\03_baseline_plus_fafem\seed_7777\evaluation_summary.json","",""
"one_seed_03_baseline_plus_fafem","Exp03","7777","CVC-300","mE_phi","0.9540886702198945","PROTOCOL MISMATCH","P-OLD350-PLATEAU","C:\Users\jafari.h\Desktop\ai_project\ConvNeXt_Unet\one_seed_results\ablation\03_baseline_plus_fafem\seed_7777\best_checkpoint.pth","one_seed_results\ablation\03_baseline_plus_fafem\seed_7777\evaluation_summary.json","",""
"one_seed_03_baseline_plus_fafem","Exp03","7777","CVC-300","MAE","0.007093971368635321","PROTOCOL MISMATCH","P-OLD350-PLATEAU","C:\Users\jafari.h\Desktop\ai_project\ConvNeXt_Unet\one_seed_results\ablation\03_baseline_plus_fafem\seed_7777\best_checkpoint.pth","one_seed_results\ablation\03_baseline_plus_fafem\seed_7777\evaluation_summary.json","",""
"one_seed_03_baseline_plus_fafem","Exp03","7777","CVC-ClinicDB","mDice","0.9424178177310575","PROTOCOL MISMATCH","P-OLD350-PLATEAU","C:\Users\jafari.h\Desktop\ai_project\ConvNeXt_Unet\one_seed_results\ablation\03_baseline_plus_fafem\seed_7777\best_checkpoint.pth","one_seed_results\ablation\03_baseline_plus_fafem\seed_7777\evaluation_summary.json","",""
"one_seed_03_baseline_plus_fafem","Exp03","7777","CVC-ClinicDB","mIoU","0.8929391907107446","PROTOCOL MISMATCH","P-OLD350-PLATEAU","C:\Users\jafari.h\Desktop\ai_project\ConvNeXt_Unet\one_seed_results\ablation\03_baseline_plus_fafem\seed_7777\best_checkpoint.pth","one_seed_results\ablation\03_baseline_plus_fafem\seed_7777\evaluation_summary.json","",""
"one_seed_03_baseline_plus_fafem","Exp03","7777","CVC-ClinicDB","S_alpha","0.9515535673553515","PROTOCOL MISMATCH","P-OLD350-PLATEAU","C:\Users\jafari.h\Desktop\ai_project\ConvNeXt_Unet\one_seed_results\ablation\03_baseline_plus_fafem\seed_7777\best_checkpoint.pth","one_seed_results\ablation\03_baseline_plus_fafem\seed_7777\evaluation_summary.json","",""
"one_seed_03_baseline_plus_fafem","Exp03","7777","CVC-ClinicDB","F_beta_w","0.932125772658125","PROTOCOL MISMATCH","P-OLD350-PLATEAU","C:\Users\jafari.h\Desktop\ai_project\ConvNeXt_Unet\one_seed_results\ablation\03_baseline_plus_fafem\seed_7777\best_checkpoint.pth","one_seed_results\ablation\03_baseline_plus_fafem\seed_7777\evaluation_summary.json","",""
"one_seed_03_baseline_plus_fafem","Exp03","7777","CVC-ClinicDB","maxE_phi","0.9872087609463305","PROTOCOL MISMATCH","P-OLD350-PLATEAU","C:\Users\jafari.h\Desktop\ai_project\ConvNeXt_Unet\one_seed_results\ablation\03_baseline_plus_fafem\seed_7777\best_checkpoint.pth","one_seed_results\ablation\03_baseline_plus_fafem\seed_7777\evaluation_summary.json","",""
"one_seed_03_baseline_plus_fafem","Exp03","7777","CVC-ClinicDB","mE_phi","0.9821929937246661","PROTOCOL MISMATCH","P-OLD350-PLATEAU","C:\Users\jafari.h\Desktop\ai_project\ConvNeXt_Unet\one_seed_results\ablation\03_baseline_plus_fafem\seed_7777\best_checkpoint.pth","one_seed_results\ablation\03_baseline_plus_fafem\seed_7777\evaluation_summary.json","",""
"one_seed_03_baseline_plus_fafem","Exp03","7777","CVC-ClinicDB","MAE","0.010478704817494862","PROTOCOL MISMATCH","P-OLD350-PLATEAU","C:\Users\jafari.h\Desktop\ai_project\ConvNeXt_Unet\one_seed_results\ablation\03_baseline_plus_fafem\seed_7777\best_checkpoint.pth","one_seed_results\ablation\03_baseline_plus_fafem\seed_7777\evaluation_summary.json","",""
"one_seed_03_baseline_plus_fafem","Exp03","7777","CVC-ColonDB","mDice","0.7474463066804524","PROTOCOL MISMATCH","P-OLD350-PLATEAU","C:\Users\jafari.h\Desktop\ai_project\ConvNeXt_Unet\one_seed_results\ablation\03_baseline_plus_fafem\seed_7777\best_checkpoint.pth","one_seed_results\ablation\03_baseline_plus_fafem\seed_7777\evaluation_summary.json","",""
"one_seed_03_baseline_plus_fafem","Exp03","7777","CVC-ColonDB","mIoU","0.6598676566869321","PROTOCOL MISMATCH","P-OLD350-PLATEAU","C:\Users\jafari.h\Desktop\ai_project\ConvNeXt_Unet\one_seed_results\ablation\03_baseline_plus_fafem\seed_7777\best_checkpoint.pth","one_seed_results\ablation\03_baseline_plus_fafem\seed_7777\evaluation_summary.json","",""
"one_seed_03_baseline_plus_fafem","Exp03","7777","CVC-ColonDB","S_alpha","0.831566920189833","PROTOCOL MISMATCH","P-OLD350-PLATEAU","C:\Users\jafari.h\Desktop\ai_project\ConvNeXt_Unet\one_seed_results\ablation\03_baseline_plus_fafem\seed_7777\best_checkpoint.pth","one_seed_results\ablation\03_baseline_plus_fafem\seed_7777\evaluation_summary.json","",""
"one_seed_03_baseline_plus_fafem","Exp03","7777","CVC-ColonDB","F_beta_w","0.7306326118938777","PROTOCOL MISMATCH","P-OLD350-PLATEAU","C:\Users\jafari.h\Desktop\ai_project\ConvNeXt_Unet\one_seed_results\ablation\03_baseline_plus_fafem\seed_7777\best_checkpoint.pth","one_seed_results\ablation\03_baseline_plus_fafem\seed_7777\evaluation_summary.json","",""
"one_seed_03_baseline_plus_fafem","Exp03","7777","CVC-ColonDB","maxE_phi","0.876910809374129","PROTOCOL MISMATCH","P-OLD350-PLATEAU","C:\Users\jafari.h\Desktop\ai_project\ConvNeXt_Unet\one_seed_results\ablation\03_baseline_plus_fafem\seed_7777\best_checkpoint.pth","one_seed_results\ablation\03_baseline_plus_fafem\seed_7777\evaluation_summary.json","",""
"one_seed_03_baseline_plus_fafem","Exp03","7777","CVC-ColonDB","mE_phi","0.865617761896116","PROTOCOL MISMATCH","P-OLD350-PLATEAU","C:\Users\jafari.h\Desktop\ai_project\ConvNeXt_Unet\one_seed_results\ablation\03_baseline_plus_fafem\seed_7777\best_checkpoint.pth","one_seed_results\ablation\03_baseline_plus_fafem\seed_7777\evaluation_summary.json","",""
"one_seed_03_baseline_plus_fafem","Exp03","7777","CVC-ColonDB","MAE","0.0372918171053551","PROTOCOL MISMATCH","P-OLD350-PLATEAU","C:\Users\jafari.h\Desktop\ai_project\ConvNeXt_Unet\one_seed_results\ablation\03_baseline_plus_fafem\seed_7777\best_checkpoint.pth","one_seed_results\ablation\03_baseline_plus_fafem\seed_7777\evaluation_summary.json","",""
"one_seed_03_baseline_plus_fafem","Exp03","7777","ETIS-LaribPolypDB","mDice","0.7325026523370884","PROTOCOL MISMATCH","P-OLD350-PLATEAU","C:\Users\jafari.h\Desktop\ai_project\ConvNeXt_Unet\one_seed_results\ablation\03_baseline_plus_fafem\seed_7777\best_checkpoint.pth","one_seed_results\ablation\03_baseline_plus_fafem\seed_7777\evaluation_summary.json","",""
"one_seed_03_baseline_plus_fafem","Exp03","7777","ETIS-LaribPolypDB","mIoU","0.6589906600790119","PROTOCOL MISMATCH","P-OLD350-PLATEAU","C:\Users\jafari.h\Desktop\ai_project\ConvNeXt_Unet\one_seed_results\ablation\03_baseline_plus_fafem\seed_7777\best_checkpoint.pth","one_seed_results\ablation\03_baseline_plus_fafem\seed_7777\evaluation_summary.json","",""
"one_seed_03_baseline_plus_fafem","Exp03","7777","ETIS-LaribPolypDB","S_alpha","0.848571503076135","PROTOCOL MISMATCH","P-OLD350-PLATEAU","C:\Users\jafari.h\Desktop\ai_project\ConvNeXt_Unet\one_seed_results\ablation\03_baseline_plus_fafem\seed_7777\best_checkpoint.pth","one_seed_results\ablation\03_baseline_plus_fafem\seed_7777\evaluation_summary.json","",""
"one_seed_03_baseline_plus_fafem","Exp03","7777","ETIS-LaribPolypDB","F_beta_w","0.7061573032578172","PROTOCOL MISMATCH","P-OLD350-PLATEAU","C:\Users\jafari.h\Desktop\ai_project\ConvNeXt_Unet\one_seed_results\ablation\03_baseline_plus_fafem\seed_7777\best_checkpoint.pth","one_seed_results\ablation\03_baseline_plus_fafem\seed_7777\evaluation_summary.json","",""
"one_seed_03_baseline_plus_fafem","Exp03","7777","ETIS-LaribPolypDB","maxE_phi","0.8661482327680218","PROTOCOL MISMATCH","P-OLD350-PLATEAU","C:\Users\jafari.h\Desktop\ai_project\ConvNeXt_Unet\one_seed_results\ablation\03_baseline_plus_fafem\seed_7777\best_checkpoint.pth","one_seed_results\ablation\03_baseline_plus_fafem\seed_7777\evaluation_summary.json","",""
"one_seed_03_baseline_plus_fafem","Exp03","7777","ETIS-LaribPolypDB","mE_phi","0.8585627377758551","PROTOCOL MISMATCH","P-OLD350-PLATEAU","C:\Users\jafari.h\Desktop\ai_project\ConvNeXt_Unet\one_seed_results\ablation\03_baseline_plus_fafem\seed_7777\best_checkpoint.pth","one_seed_results\ablation\03_baseline_plus_fafem\seed_7777\evaluation_summary.json","",""
"one_seed_03_baseline_plus_fafem","Exp03","7777","ETIS-LaribPolypDB","MAE","0.014960534198877358","PROTOCOL MISMATCH","P-OLD350-PLATEAU","C:\Users\jafari.h\Desktop\ai_project\ConvNeXt_Unet\one_seed_results\ablation\03_baseline_plus_fafem\seed_7777\best_checkpoint.pth","one_seed_results\ablation\03_baseline_plus_fafem\seed_7777\evaluation_summary.json","",""
"one_seed_03_baseline_plus_fafem","Exp03","7777","Kvasir-SEG","mDice","0.9158741199970245","PROTOCOL MISMATCH","P-OLD350-PLATEAU","C:\Users\jafari.h\Desktop\ai_project\ConvNeXt_Unet\one_seed_results\ablation\03_baseline_plus_fafem\seed_7777\best_checkpoint.pth","one_seed_results\ablation\03_baseline_plus_fafem\seed_7777\evaluation_summary.json","",""
"one_seed_03_baseline_plus_fafem","Exp03","7777","Kvasir-SEG","mIoU","0.8601047912240029","PROTOCOL MISMATCH","P-OLD350-PLATEAU","C:\Users\jafari.h\Desktop\ai_project\ConvNeXt_Unet\one_seed_results\ablation\03_baseline_plus_fafem\seed_7777\best_checkpoint.pth","one_seed_results\ablation\03_baseline_plus_fafem\seed_7777\evaluation_summary.json","",""
"one_seed_03_baseline_plus_fafem","Exp03","7777","Kvasir-SEG","S_alpha","0.9249064581591214","PROTOCOL MISMATCH","P-OLD350-PLATEAU","C:\Users\jafari.h\Desktop\ai_project\ConvNeXt_Unet\one_seed_results\ablation\03_baseline_plus_fafem\seed_7777\best_checkpoint.pth","one_seed_results\ablation\03_baseline_plus_fafem\seed_7777\evaluation_summary.json","",""
"one_seed_03_baseline_plus_fafem","Exp03","7777","Kvasir-SEG","F_beta_w","0.89291609454403","PROTOCOL MISMATCH","P-OLD350-PLATEAU","C:\Users\jafari.h\Desktop\ai_project\ConvNeXt_Unet\one_seed_results\ablation\03_baseline_plus_fafem\seed_7777\best_checkpoint.pth","one_seed_results\ablation\03_baseline_plus_fafem\seed_7777\evaluation_summary.json","",""
"one_seed_03_baseline_plus_fafem","Exp03","7777","Kvasir-SEG","maxE_phi","0.9595323240378616","PROTOCOL MISMATCH","P-OLD350-PLATEAU","C:\Users\jafari.h\Desktop\ai_project\ConvNeXt_Unet\one_seed_results\ablation\03_baseline_plus_fafem\seed_7777\best_checkpoint.pth","one_seed_results\ablation\03_baseline_plus_fafem\seed_7777\evaluation_summary.json","",""
"one_seed_03_baseline_plus_fafem","Exp03","7777","Kvasir-SEG","mE_phi","0.9511182411722034","PROTOCOL MISMATCH","P-OLD350-PLATEAU","C:\Users\jafari.h\Desktop\ai_project\ConvNeXt_Unet\one_seed_results\ablation\03_baseline_plus_fafem\seed_7777\best_checkpoint.pth","one_seed_results\ablation\03_baseline_plus_fafem\seed_7777\evaluation_summary.json","",""
"one_seed_03_baseline_plus_fafem","Exp03","7777","Kvasir-SEG","MAE","0.02730494328603908","PROTOCOL MISMATCH","P-OLD350-PLATEAU","C:\Users\jafari.h\Desktop\ai_project\ConvNeXt_Unet\one_seed_results\ablation\03_baseline_plus_fafem\seed_7777\best_checkpoint.pth","one_seed_results\ablation\03_baseline_plus_fafem\seed_7777\evaluation_summary.json","",""
"one_seed_43_fafem_frequency_guided_mscb_stage3_warmup_cosine","Exp43","42","CVC-300","mDice","0.8687263930861683","VALID FOR FINAL ABLATION","P-WC200-LW","C:\Users\jafari.h\Desktop\ai_project\ConvNeXt_Unet\one_seed_results\ablation\43_fafem_frequency_guided_mscb_stage3_warmup_cosine\seed_42\best_checkpoint.pth","one_seed_results\ablation\43_fafem_frequency_guided_mscb_stage3_warmup_cosine\seed_42\evaluation_summary.json","",""
"one_seed_43_fafem_frequency_guided_mscb_stage3_warmup_cosine","Exp43","42","CVC-300","mIoU","0.7999524926170241","VALID FOR FINAL ABLATION","P-WC200-LW","C:\Users\jafari.h\Desktop\ai_project\ConvNeXt_Unet\one_seed_results\ablation\43_fafem_frequency_guided_mscb_stage3_warmup_cosine\seed_42\best_checkpoint.pth","one_seed_results\ablation\43_fafem_frequency_guided_mscb_stage3_warmup_cosine\seed_42\evaluation_summary.json","",""
"one_seed_43_fafem_frequency_guided_mscb_stage3_warmup_cosine","Exp43","42","CVC-300","S_alpha","0.921044219885499","VALID FOR FINAL ABLATION","P-WC200-LW","C:\Users\jafari.h\Desktop\ai_project\ConvNeXt_Unet\one_seed_results\ablation\43_fafem_frequency_guided_mscb_stage3_warmup_cosine\seed_42\best_checkpoint.pth","one_seed_results\ablation\43_fafem_frequency_guided_mscb_stage3_warmup_cosine\seed_42\evaluation_summary.json","",""
"one_seed_43_fafem_frequency_guided_mscb_stage3_warmup_cosine","Exp43","42","CVC-300","F_beta_w","0.8451230254852351","VALID FOR FINAL ABLATION","P-WC200-LW","C:\Users\jafari.h\Desktop\ai_project\ConvNeXt_Unet\one_seed_results\ablation\43_fafem_frequency_guided_mscb_stage3_warmup_cosine\seed_42\best_checkpoint.pth","one_seed_results\ablation\43_fafem_frequency_guided_mscb_stage3_warmup_cosine\seed_42\evaluation_summary.json","",""
"one_seed_43_fafem_frequency_guided_mscb_stage3_warmup_cosine","Exp43","42","CVC-300","maxE_phi","0.9578402627493178","VALID FOR FINAL ABLATION","P-WC200-LW","C:\Users\jafari.h\Desktop\ai_project\ConvNeXt_Unet\one_seed_results\ablation\43_fafem_frequency_guided_mscb_stage3_warmup_cosine\seed_42\best_checkpoint.pth","one_seed_results\ablation\43_fafem_frequency_guided_mscb_stage3_warmup_cosine\seed_42\evaluation_summary.json","",""
"one_seed_43_fafem_frequency_guided_mscb_stage3_warmup_cosine","Exp43","42","CVC-300","mE_phi","0.9476946810124065","VALID FOR FINAL ABLATION","P-WC200-LW","C:\Users\jafari.h\Desktop\ai_project\ConvNeXt_Unet\one_seed_results\ablation\43_fafem_frequency_guided_mscb_stage3_warmup_cosine\seed_42\best_checkpoint.pth","one_seed_results\ablation\43_fafem_frequency_guided_mscb_stage3_warmup_cosine\seed_42\evaluation_summary.json","",""
"one_seed_43_fafem_frequency_guided_mscb_stage3_warmup_cosine","Exp43","42","CVC-300","MAE","0.007740006105819288","VALID FOR FINAL ABLATION","P-WC200-LW","C:\Users\jafari.h\Desktop\ai_project\ConvNeXt_Unet\one_seed_results\ablation\43_fafem_frequency_guided_mscb_stage3_warmup_cosine\seed_42\best_checkpoint.pth","one_seed_results\ablation\43_fafem_frequency_guided_mscb_stage3_warmup_cosine\seed_42\evaluation_summary.json","",""
"one_seed_43_fafem_frequency_guided_mscb_stage3_warmup_cosine","Exp43","42","CVC-ClinicDB","mDice","0.9378484598090572","VALID FOR FINAL ABLATION","P-WC200-LW","C:\Users\jafari.h\Desktop\ai_project\ConvNeXt_Unet\one_seed_results\ablation\43_fafem_frequency_guided_mscb_stage3_warmup_cosine\seed_42\best_checkpoint.pth","one_seed_results\ablation\43_fafem_frequency_guided_mscb_stage3_warmup_cosine\seed_42\evaluation_summary.json","",""
"one_seed_43_fafem_frequency_guided_mscb_stage3_warmup_cosine","Exp43","42","CVC-ClinicDB","mIoU","0.8897672764235928","VALID FOR FINAL ABLATION","P-WC200-LW","C:\Users\jafari.h\Desktop\ai_project\ConvNeXt_Unet\one_seed_results\ablation\43_fafem_frequency_guided_mscb_stage3_warmup_cosine\seed_42\best_checkpoint.pth","one_seed_results\ablation\43_fafem_frequency_guided_mscb_stage3_warmup_cosine\seed_42\evaluation_summary.json","",""
"one_seed_43_fafem_frequency_guided_mscb_stage3_warmup_cosine","Exp43","42","CVC-ClinicDB","S_alpha","0.9479262734381886","VALID FOR FINAL ABLATION","P-WC200-LW","C:\Users\jafari.h\Desktop\ai_project\ConvNeXt_Unet\one_seed_results\ablation\43_fafem_frequency_guided_mscb_stage3_warmup_cosine\seed_42\best_checkpoint.pth","one_seed_results\ablation\43_fafem_frequency_guided_mscb_stage3_warmup_cosine\seed_42\evaluation_summary.json","",""
"one_seed_43_fafem_frequency_guided_mscb_stage3_warmup_cosine","Exp43","42","CVC-ClinicDB","F_beta_w","0.9253515601028478","VALID FOR FINAL ABLATION","P-WC200-LW","C:\Users\jafari.h\Desktop\ai_project\ConvNeXt_Unet\one_seed_results\ablation\43_fafem_frequency_guided_mscb_stage3_warmup_cosine\seed_42\best_checkpoint.pth","one_seed_results\ablation\43_fafem_frequency_guided_mscb_stage3_warmup_cosine\seed_42\evaluation_summary.json","",""
"one_seed_43_fafem_frequency_guided_mscb_stage3_warmup_cosine","Exp43","42","CVC-ClinicDB","maxE_phi","0.9832989023160927","VALID FOR FINAL ABLATION","P-WC200-LW","C:\Users\jafari.h\Desktop\ai_project\ConvNeXt_Unet\one_seed_results\ablation\43_fafem_frequency_guided_mscb_stage3_warmup_cosine\seed_42\best_checkpoint.pth","one_seed_results\ablation\43_fafem_frequency_guided_mscb_stage3_warmup_cosine\seed_42\evaluation_summary.json","",""
"one_seed_43_fafem_frequency_guided_mscb_stage3_warmup_cosine","Exp43","42","CVC-ClinicDB","mE_phi","0.9776705963548658","VALID FOR FINAL ABLATION","P-WC200-LW","C:\Users\jafari.h\Desktop\ai_project\ConvNeXt_Unet\one_seed_results\ablation\43_fafem_frequency_guided_mscb_stage3_warmup_cosine\seed_42\best_checkpoint.pth","one_seed_results\ablation\43_fafem_frequency_guided_mscb_stage3_warmup_cosine\seed_42\evaluation_summary.json","",""
"one_seed_43_fafem_frequency_guided_mscb_stage3_warmup_cosine","Exp43","42","CVC-ClinicDB","MAE","0.011094225143964234","VALID FOR FINAL ABLATION","P-WC200-LW","C:\Users\jafari.h\Desktop\ai_project\ConvNeXt_Unet\one_seed_results\ablation\43_fafem_frequency_guided_mscb_stage3_warmup_cosine\seed_42\best_checkpoint.pth","one_seed_results\ablation\43_fafem_frequency_guided_mscb_stage3_warmup_cosine\seed_42\evaluation_summary.json","",""
"one_seed_43_fafem_frequency_guided_mscb_stage3_warmup_cosine","Exp43","42","CVC-ColonDB","mDice","0.7952536250522391","VALID FOR FINAL ABLATION","P-WC200-LW","C:\Users\jafari.h\Desktop\ai_project\ConvNeXt_Unet\one_seed_results\ablation\43_fafem_frequency_guided_mscb_stage3_warmup_cosine\seed_42\best_checkpoint.pth","one_seed_results\ablation\43_fafem_frequency_guided_mscb_stage3_warmup_cosine\seed_42\evaluation_summary.json","",""
"one_seed_43_fafem_frequency_guided_mscb_stage3_warmup_cosine","Exp43","42","CVC-ColonDB","mIoU","0.7119117630903302","VALID FOR FINAL ABLATION","P-WC200-LW","C:\Users\jafari.h\Desktop\ai_project\ConvNeXt_Unet\one_seed_results\ablation\43_fafem_frequency_guided_mscb_stage3_warmup_cosine\seed_42\best_checkpoint.pth","one_seed_results\ablation\43_fafem_frequency_guided_mscb_stage3_warmup_cosine\seed_42\evaluation_summary.json","",""
"one_seed_43_fafem_frequency_guided_mscb_stage3_warmup_cosine","Exp43","42","CVC-ColonDB","S_alpha","0.8600851327927992","VALID FOR FINAL ABLATION","P-WC200-LW","C:\Users\jafari.h\Desktop\ai_project\ConvNeXt_Unet\one_seed_results\ablation\43_fafem_frequency_guided_mscb_stage3_warmup_cosine\seed_42\best_checkpoint.pth","one_seed_results\ablation\43_fafem_frequency_guided_mscb_stage3_warmup_cosine\seed_42\evaluation_summary.json","",""
"one_seed_43_fafem_frequency_guided_mscb_stage3_warmup_cosine","Exp43","42","CVC-ColonDB","F_beta_w","0.7691265962456612","VALID FOR FINAL ABLATION","P-WC200-LW","C:\Users\jafari.h\Desktop\ai_project\ConvNeXt_Unet\one_seed_results\ablation\43_fafem_frequency_guided_mscb_stage3_warmup_cosine\seed_42\best_checkpoint.pth","one_seed_results\ablation\43_fafem_frequency_guided_mscb_stage3_warmup_cosine\seed_42\evaluation_summary.json","",""
"one_seed_43_fafem_frequency_guided_mscb_stage3_warmup_cosine","Exp43","42","CVC-ColonDB","maxE_phi","0.9025605362020369","VALID FOR FINAL ABLATION","P-WC200-LW","C:\Users\jafari.h\Desktop\ai_project\ConvNeXt_Unet\one_seed_results\ablation\43_fafem_frequency_guided_mscb_stage3_warmup_cosine\seed_42\best_checkpoint.pth","one_seed_results\ablation\43_fafem_frequency_guided_mscb_stage3_warmup_cosine\seed_42\evaluation_summary.json","",""
"one_seed_43_fafem_frequency_guided_mscb_stage3_warmup_cosine","Exp43","42","CVC-ColonDB","mE_phi","0.8968268872993956","VALID FOR FINAL ABLATION","P-WC200-LW","C:\Users\jafari.h\Desktop\ai_project\ConvNeXt_Unet\one_seed_results\ablation\43_fafem_frequency_guided_mscb_stage3_warmup_cosine\seed_42\best_checkpoint.pth","one_seed_results\ablation\43_fafem_frequency_guided_mscb_stage3_warmup_cosine\seed_42\evaluation_summary.json","",""
"one_seed_43_fafem_frequency_guided_mscb_stage3_warmup_cosine","Exp43","42","CVC-ColonDB","MAE","0.03468470325075866","VALID FOR FINAL ABLATION","P-WC200-LW","C:\Users\jafari.h\Desktop\ai_project\ConvNeXt_Unet\one_seed_results\ablation\43_fafem_frequency_guided_mscb_stage3_warmup_cosine\seed_42\best_checkpoint.pth","one_seed_results\ablation\43_fafem_frequency_guided_mscb_stage3_warmup_cosine\seed_42\evaluation_summary.json","",""
"one_seed_43_fafem_frequency_guided_mscb_stage3_warmup_cosine","Exp43","42","ETIS-LaribPolypDB","mDice","0.7861267779120302","VALID FOR FINAL ABLATION","P-WC200-LW","C:\Users\jafari.h\Desktop\ai_project\ConvNeXt_Unet\one_seed_results\ablation\43_fafem_frequency_guided_mscb_stage3_warmup_cosine\seed_42\best_checkpoint.pth","one_seed_results\ablation\43_fafem_frequency_guided_mscb_stage3_warmup_cosine\seed_42\evaluation_summary.json","",""
"one_seed_43_fafem_frequency_guided_mscb_stage3_warmup_cosine","Exp43","42","ETIS-LaribPolypDB","mIoU","0.7064696230320223","VALID FOR FINAL ABLATION","P-WC200-LW","C:\Users\jafari.h\Desktop\ai_project\ConvNeXt_Unet\one_seed_results\ablation\43_fafem_frequency_guided_mscb_stage3_warmup_cosine\seed_42\best_checkpoint.pth","one_seed_results\ablation\43_fafem_frequency_guided_mscb_stage3_warmup_cosine\seed_42\evaluation_summary.json","",""
"one_seed_43_fafem_frequency_guided_mscb_stage3_warmup_cosine","Exp43","42","ETIS-LaribPolypDB","S_alpha","0.8747197905059677","VALID FOR FINAL ABLATION","P-WC200-LW","C:\Users\jafari.h\Desktop\ai_project\ConvNeXt_Unet\one_seed_results\ablation\43_fafem_frequency_guided_mscb_stage3_warmup_cosine\seed_42\best_checkpoint.pth","one_seed_results\ablation\43_fafem_frequency_guided_mscb_stage3_warmup_cosine\seed_42\evaluation_summary.json","",""
"one_seed_43_fafem_frequency_guided_mscb_stage3_warmup_cosine","Exp43","42","ETIS-LaribPolypDB","F_beta_w","0.7492437755245989","VALID FOR FINAL ABLATION","P-WC200-LW","C:\Users\jafari.h\Desktop\ai_project\ConvNeXt_Unet\one_seed_results\ablation\43_fafem_frequency_guided_mscb_stage3_warmup_cosine\seed_42\best_checkpoint.pth","one_seed_results\ablation\43_fafem_frequency_guided_mscb_stage3_warmup_cosine\seed_42\evaluation_summary.json","",""
"one_seed_43_fafem_frequency_guided_mscb_stage3_warmup_cosine","Exp43","42","ETIS-LaribPolypDB","maxE_phi","0.9210794454366052","VALID FOR FINAL ABLATION","P-WC200-LW","C:\Users\jafari.h\Desktop\ai_project\ConvNeXt_Unet\one_seed_results\ablation\43_fafem_frequency_guided_mscb_stage3_warmup_cosine\seed_42\best_checkpoint.pth","one_seed_results\ablation\43_fafem_frequency_guided_mscb_stage3_warmup_cosine\seed_42\evaluation_summary.json","",""
"one_seed_43_fafem_frequency_guided_mscb_stage3_warmup_cosine","Exp43","42","ETIS-LaribPolypDB","mE_phi","0.9039393557747422","VALID FOR FINAL ABLATION","P-WC200-LW","C:\Users\jafari.h\Desktop\ai_project\ConvNeXt_Unet\one_seed_results\ablation\43_fafem_frequency_guided_mscb_stage3_warmup_cosine\seed_42\best_checkpoint.pth","one_seed_results\ablation\43_fafem_frequency_guided_mscb_stage3_warmup_cosine\seed_42\evaluation_summary.json","",""
"one_seed_43_fafem_frequency_guided_mscb_stage3_warmup_cosine","Exp43","42","ETIS-LaribPolypDB","MAE","0.014971346941607972","VALID FOR FINAL ABLATION","P-WC200-LW","C:\Users\jafari.h\Desktop\ai_project\ConvNeXt_Unet\one_seed_results\ablation\43_fafem_frequency_guided_mscb_stage3_warmup_cosine\seed_42\best_checkpoint.pth","one_seed_results\ablation\43_fafem_frequency_guided_mscb_stage3_warmup_cosine\seed_42\evaluation_summary.json","",""
"one_seed_43_fafem_frequency_guided_mscb_stage3_warmup_cosine","Exp43","42","Kvasir-SEG","mDice","0.929467323422432","VALID FOR FINAL ABLATION","P-WC200-LW","C:\Users\jafari.h\Desktop\ai_project\ConvNeXt_Unet\one_seed_results\ablation\43_fafem_frequency_guided_mscb_stage3_warmup_cosine\seed_42\best_checkpoint.pth","one_seed_results\ablation\43_fafem_frequency_guided_mscb_stage3_warmup_cosine\seed_42\evaluation_summary.json","",""
"one_seed_43_fafem_frequency_guided_mscb_stage3_warmup_cosine","Exp43","42","Kvasir-SEG","mIoU","0.8795625898241997","VALID FOR FINAL ABLATION","P-WC200-LW","C:\Users\jafari.h\Desktop\ai_project\ConvNeXt_Unet\one_seed_results\ablation\43_fafem_frequency_guided_mscb_stage3_warmup_cosine\seed_42\best_checkpoint.pth","one_seed_results\ablation\43_fafem_frequency_guided_mscb_stage3_warmup_cosine\seed_42\evaluation_summary.json","",""
"one_seed_43_fafem_frequency_guided_mscb_stage3_warmup_cosine","Exp43","42","Kvasir-SEG","S_alpha","0.9317574731407808","VALID FOR FINAL ABLATION","P-WC200-LW","C:\Users\jafari.h\Desktop\ai_project\ConvNeXt_Unet\one_seed_results\ablation\43_fafem_frequency_guided_mscb_stage3_warmup_cosine\seed_42\best_checkpoint.pth","one_seed_results\ablation\43_fafem_frequency_guided_mscb_stage3_warmup_cosine\seed_42\evaluation_summary.json","",""
"one_seed_43_fafem_frequency_guided_mscb_stage3_warmup_cosine","Exp43","42","Kvasir-SEG","F_beta_w","0.9087675142743573","VALID FOR FINAL ABLATION","P-WC200-LW","C:\Users\jafari.h\Desktop\ai_project\ConvNeXt_Unet\one_seed_results\ablation\43_fafem_frequency_guided_mscb_stage3_warmup_cosine\seed_42\best_checkpoint.pth","one_seed_results\ablation\43_fafem_frequency_guided_mscb_stage3_warmup_cosine\seed_42\evaluation_summary.json","",""
"one_seed_43_fafem_frequency_guided_mscb_stage3_warmup_cosine","Exp43","42","Kvasir-SEG","maxE_phi","0.9662807780642586","VALID FOR FINAL ABLATION","P-WC200-LW","C:\Users\jafari.h\Desktop\ai_project\ConvNeXt_Unet\one_seed_results\ablation\43_fafem_frequency_guided_mscb_stage3_warmup_cosine\seed_42\best_checkpoint.pth","one_seed_results\ablation\43_fafem_frequency_guided_mscb_stage3_warmup_cosine\seed_42\evaluation_summary.json","",""
"one_seed_43_fafem_frequency_guided_mscb_stage3_warmup_cosine","Exp43","42","Kvasir-SEG","mE_phi","0.9596285733325596","VALID FOR FINAL ABLATION","P-WC200-LW","C:\Users\jafari.h\Desktop\ai_project\ConvNeXt_Unet\one_seed_results\ablation\43_fafem_frequency_guided_mscb_stage3_warmup_cosine\seed_42\best_checkpoint.pth","one_seed_results\ablation\43_fafem_frequency_guided_mscb_stage3_warmup_cosine\seed_42\evaluation_summary.json","",""
"one_seed_43_fafem_frequency_guided_mscb_stage3_warmup_cosine","Exp43","42","Kvasir-SEG","MAE","0.024754413627822606","VALID FOR FINAL ABLATION","P-WC200-LW","C:\Users\jafari.h\Desktop\ai_project\ConvNeXt_Unet\one_seed_results\ablation\43_fafem_frequency_guided_mscb_stage3_warmup_cosine\seed_42\best_checkpoint.pth","one_seed_results\ablation\43_fafem_frequency_guided_mscb_stage3_warmup_cosine\seed_42\evaluation_summary.json","",""
"one_seed_01_baseline","Exp01","42","CVC-300","mDice","0.8740633100271225","PROTOCOL MISMATCH","P-OLD350-PLATEAU","C:\Users\jafari.h\Desktop\ai_project\ConvNeXt_Unet\one_seed_results\ablation\01_baseline\seed_42\best_checkpoint.pth","one_seed_results\ablation\01_baseline\seed_42\evaluation_summary.json","",""
"one_seed_01_baseline","Exp01","42","CVC-300","mIoU","0.8026355358461539","PROTOCOL MISMATCH","P-OLD350-PLATEAU","C:\Users\jafari.h\Desktop\ai_project\ConvNeXt_Unet\one_seed_results\ablation\01_baseline\seed_42\best_checkpoint.pth","one_seed_results\ablation\01_baseline\seed_42\evaluation_summary.json","",""
"one_seed_01_baseline","Exp01","42","CVC-300","S_alpha","0.9274045150690287","PROTOCOL MISMATCH","P-OLD350-PLATEAU","C:\Users\jafari.h\Desktop\ai_project\ConvNeXt_Unet\one_seed_results\ablation\01_baseline\seed_42\best_checkpoint.pth","one_seed_results\ablation\01_baseline\seed_42\evaluation_summary.json","",""
"one_seed_01_baseline","Exp01","42","CVC-300","F_beta_w","0.8531094875497083","PROTOCOL MISMATCH","P-OLD350-PLATEAU","C:\Users\jafari.h\Desktop\ai_project\ConvNeXt_Unet\one_seed_results\ablation\01_baseline\seed_42\best_checkpoint.pth","one_seed_results\ablation\01_baseline\seed_42\evaluation_summary.json","",""
"one_seed_01_baseline","Exp01","42","CVC-300","maxE_phi","0.9517515636536416","PROTOCOL MISMATCH","P-OLD350-PLATEAU","C:\Users\jafari.h\Desktop\ai_project\ConvNeXt_Unet\one_seed_results\ablation\01_baseline\seed_42\best_checkpoint.pth","one_seed_results\ablation\01_baseline\seed_42\evaluation_summary.json","",""
"one_seed_01_baseline","Exp01","42","CVC-300","mE_phi","0.9449910279012195","PROTOCOL MISMATCH","P-OLD350-PLATEAU","C:\Users\jafari.h\Desktop\ai_project\ConvNeXt_Unet\one_seed_results\ablation\01_baseline\seed_42\best_checkpoint.pth","one_seed_results\ablation\01_baseline\seed_42\evaluation_summary.json","",""
"one_seed_01_baseline","Exp01","42","CVC-300","MAE","0.007844848195910881","PROTOCOL MISMATCH","P-OLD350-PLATEAU","C:\Users\jafari.h\Desktop\ai_project\ConvNeXt_Unet\one_seed_results\ablation\01_baseline\seed_42\best_checkpoint.pth","one_seed_results\ablation\01_baseline\seed_42\evaluation_summary.json","",""
"one_seed_01_baseline","Exp01","42","CVC-ClinicDB","mDice","0.9384957513501567","PROTOCOL MISMATCH","P-OLD350-PLATEAU","C:\Users\jafari.h\Desktop\ai_project\ConvNeXt_Unet\one_seed_results\ablation\01_baseline\seed_42\best_checkpoint.pth","one_seed_results\ablation\01_baseline\seed_42\evaluation_summary.json","",""
"one_seed_01_baseline","Exp01","42","CVC-ClinicDB","mIoU","0.8868693478645817","PROTOCOL MISMATCH","P-OLD350-PLATEAU","C:\Users\jafari.h\Desktop\ai_project\ConvNeXt_Unet\one_seed_results\ablation\01_baseline\seed_42\best_checkpoint.pth","one_seed_results\ablation\01_baseline\seed_42\evaluation_summary.json","",""
"one_seed_01_baseline","Exp01","42","CVC-ClinicDB","S_alpha","0.9494406157140339","PROTOCOL MISMATCH","P-OLD350-PLATEAU","C:\Users\jafari.h\Desktop\ai_project\ConvNeXt_Unet\one_seed_results\ablation\01_baseline\seed_42\best_checkpoint.pth","one_seed_results\ablation\01_baseline\seed_42\evaluation_summary.json","",""
"one_seed_01_baseline","Exp01","42","CVC-ClinicDB","F_beta_w","0.9301858865986615","PROTOCOL MISMATCH","P-OLD350-PLATEAU","C:\Users\jafari.h\Desktop\ai_project\ConvNeXt_Unet\one_seed_results\ablation\01_baseline\seed_42\best_checkpoint.pth","one_seed_results\ablation\01_baseline\seed_42\evaluation_summary.json","",""
"one_seed_01_baseline","Exp01","42","CVC-ClinicDB","maxE_phi","0.9857922003563984","PROTOCOL MISMATCH","P-OLD350-PLATEAU","C:\Users\jafari.h\Desktop\ai_project\ConvNeXt_Unet\one_seed_results\ablation\01_baseline\seed_42\best_checkpoint.pth","one_seed_results\ablation\01_baseline\seed_42\evaluation_summary.json","",""
"one_seed_01_baseline","Exp01","42","CVC-ClinicDB","mE_phi","0.9809897944134894","PROTOCOL MISMATCH","P-OLD350-PLATEAU","C:\Users\jafari.h\Desktop\ai_project\ConvNeXt_Unet\one_seed_results\ablation\01_baseline\seed_42\best_checkpoint.pth","one_seed_results\ablation\01_baseline\seed_42\evaluation_summary.json","",""
"one_seed_01_baseline","Exp01","42","CVC-ClinicDB","MAE","0.010904646740691984","PROTOCOL MISMATCH","P-OLD350-PLATEAU","C:\Users\jafari.h\Desktop\ai_project\ConvNeXt_Unet\one_seed_results\ablation\01_baseline\seed_42\best_checkpoint.pth","one_seed_results\ablation\01_baseline\seed_42\evaluation_summary.json","",""
"one_seed_01_baseline","Exp01","42","CVC-ColonDB","mDice","0.7353472457850229","PROTOCOL MISMATCH","P-OLD350-PLATEAU","C:\Users\jafari.h\Desktop\ai_project\ConvNeXt_Unet\one_seed_results\ablation\01_baseline\seed_42\best_checkpoint.pth","one_seed_results\ablation\01_baseline\seed_42\evaluation_summary.json","",""
"one_seed_01_baseline","Exp01","42","CVC-ColonDB","mIoU","0.6566418849940509","PROTOCOL MISMATCH","P-OLD350-PLATEAU","C:\Users\jafari.h\Desktop\ai_project\ConvNeXt_Unet\one_seed_results\ablation\01_baseline\seed_42\best_checkpoint.pth","one_seed_results\ablation\01_baseline\seed_42\evaluation_summary.json","",""
"one_seed_01_baseline","Exp01","42","CVC-ColonDB","S_alpha","0.8310473839302739","PROTOCOL MISMATCH","P-OLD350-PLATEAU","C:\Users\jafari.h\Desktop\ai_project\ConvNeXt_Unet\one_seed_results\ablation\01_baseline\seed_42\best_checkpoint.pth","one_seed_results\ablation\01_baseline\seed_42\evaluation_summary.json","",""
"one_seed_01_baseline","Exp01","42","CVC-ColonDB","F_beta_w","0.7233134463331105","PROTOCOL MISMATCH","P-OLD350-PLATEAU","C:\Users\jafari.h\Desktop\ai_project\ConvNeXt_Unet\one_seed_results\ablation\01_baseline\seed_42\best_checkpoint.pth","one_seed_results\ablation\01_baseline\seed_42\evaluation_summary.json","",""
"one_seed_01_baseline","Exp01","42","CVC-ColonDB","maxE_phi","0.8659374983719776","PROTOCOL MISMATCH","P-OLD350-PLATEAU","C:\Users\jafari.h\Desktop\ai_project\ConvNeXt_Unet\one_seed_results\ablation\01_baseline\seed_42\best_checkpoint.pth","one_seed_results\ablation\01_baseline\seed_42\evaluation_summary.json","",""
"one_seed_01_baseline","Exp01","42","CVC-ColonDB","mE_phi","0.8579143456909464","PROTOCOL MISMATCH","P-OLD350-PLATEAU","C:\Users\jafari.h\Desktop\ai_project\ConvNeXt_Unet\one_seed_results\ablation\01_baseline\seed_42\best_checkpoint.pth","one_seed_results\ablation\01_baseline\seed_42\evaluation_summary.json","",""
"one_seed_01_baseline","Exp01","42","CVC-ColonDB","MAE","0.03301921060501568","PROTOCOL MISMATCH","P-OLD350-PLATEAU","C:\Users\jafari.h\Desktop\ai_project\ConvNeXt_Unet\one_seed_results\ablation\01_baseline\seed_42\best_checkpoint.pth","one_seed_results\ablation\01_baseline\seed_42\evaluation_summary.json","",""
"one_seed_01_baseline","Exp01","42","ETIS-LaribPolypDB","mDice","0.6672346924369477","PROTOCOL MISMATCH","P-OLD350-PLATEAU","C:\Users\jafari.h\Desktop\ai_project\ConvNeXt_Unet\one_seed_results\ablation\01_baseline\seed_42\best_checkpoint.pth","one_seed_results\ablation\01_baseline\seed_42\evaluation_summary.json","",""
"one_seed_01_baseline","Exp01","42","ETIS-LaribPolypDB","mIoU","0.6000457569495495","PROTOCOL MISMATCH","P-OLD350-PLATEAU","C:\Users\jafari.h\Desktop\ai_project\ConvNeXt_Unet\one_seed_results\ablation\01_baseline\seed_42\best_checkpoint.pth","one_seed_results\ablation\01_baseline\seed_42\evaluation_summary.json","",""
"one_seed_01_baseline","Exp01","42","ETIS-LaribPolypDB","S_alpha","0.8153477741733761","PROTOCOL MISMATCH","P-OLD350-PLATEAU","C:\Users\jafari.h\Desktop\ai_project\ConvNeXt_Unet\one_seed_results\ablation\01_baseline\seed_42\best_checkpoint.pth","one_seed_results\ablation\01_baseline\seed_42\evaluation_summary.json","",""
"one_seed_01_baseline","Exp01","42","ETIS-LaribPolypDB","F_beta_w","0.648431495709609","PROTOCOL MISMATCH","P-OLD350-PLATEAU","C:\Users\jafari.h\Desktop\ai_project\ConvNeXt_Unet\one_seed_results\ablation\01_baseline\seed_42\best_checkpoint.pth","one_seed_results\ablation\01_baseline\seed_42\evaluation_summary.json","",""
"one_seed_01_baseline","Exp01","42","ETIS-LaribPolypDB","maxE_phi","0.8049048134588748","PROTOCOL MISMATCH","P-OLD350-PLATEAU","C:\Users\jafari.h\Desktop\ai_project\ConvNeXt_Unet\one_seed_results\ablation\01_baseline\seed_42\best_checkpoint.pth","one_seed_results\ablation\01_baseline\seed_42\evaluation_summary.json","",""
"one_seed_01_baseline","Exp01","42","ETIS-LaribPolypDB","mE_phi","0.7993958746485885","PROTOCOL MISMATCH","P-OLD350-PLATEAU","C:\Users\jafari.h\Desktop\ai_project\ConvNeXt_Unet\one_seed_results\ablation\01_baseline\seed_42\best_checkpoint.pth","one_seed_results\ablation\01_baseline\seed_42\evaluation_summary.json","",""
"one_seed_01_baseline","Exp01","42","ETIS-LaribPolypDB","MAE","0.01784024233087507","PROTOCOL MISMATCH","P-OLD350-PLATEAU","C:\Users\jafari.h\Desktop\ai_project\ConvNeXt_Unet\one_seed_results\ablation\01_baseline\seed_42\best_checkpoint.pth","one_seed_results\ablation\01_baseline\seed_42\evaluation_summary.json","",""
"one_seed_01_baseline","Exp01","42","Kvasir-SEG","mDice","0.9197451975941658","PROTOCOL MISMATCH","P-OLD350-PLATEAU","C:\Users\jafari.h\Desktop\ai_project\ConvNeXt_Unet\one_seed_results\ablation\01_baseline\seed_42\best_checkpoint.pth","one_seed_results\ablation\01_baseline\seed_42\evaluation_summary.json","",""
"one_seed_01_baseline","Exp01","42","Kvasir-SEG","mIoU","0.8666093710064888","PROTOCOL MISMATCH","P-OLD350-PLATEAU","C:\Users\jafari.h\Desktop\ai_project\ConvNeXt_Unet\one_seed_results\ablation\01_baseline\seed_42\best_checkpoint.pth","one_seed_results\ablation\01_baseline\seed_42\evaluation_summary.json","",""
"one_seed_01_baseline","Exp01","42","Kvasir-SEG","S_alpha","0.925880750799045","PROTOCOL MISMATCH","P-OLD350-PLATEAU","C:\Users\jafari.h\Desktop\ai_project\ConvNeXt_Unet\one_seed_results\ablation\01_baseline\seed_42\best_checkpoint.pth","one_seed_results\ablation\01_baseline\seed_42\evaluation_summary.json","",""
"one_seed_01_baseline","Exp01","42","Kvasir-SEG","F_beta_w","0.8994665766933295","PROTOCOL MISMATCH","P-OLD350-PLATEAU","C:\Users\jafari.h\Desktop\ai_project\ConvNeXt_Unet\one_seed_results\ablation\01_baseline\seed_42\best_checkpoint.pth","one_seed_results\ablation\01_baseline\seed_42\evaluation_summary.json","",""
"one_seed_01_baseline","Exp01","42","Kvasir-SEG","maxE_phi","0.9586983156102967","PROTOCOL MISMATCH","P-OLD350-PLATEAU","C:\Users\jafari.h\Desktop\ai_project\ConvNeXt_Unet\one_seed_results\ablation\01_baseline\seed_42\best_checkpoint.pth","one_seed_results\ablation\01_baseline\seed_42\evaluation_summary.json","",""
"one_seed_01_baseline","Exp01","42","Kvasir-SEG","mE_phi","0.9526707980521569","PROTOCOL MISMATCH","P-OLD350-PLATEAU","C:\Users\jafari.h\Desktop\ai_project\ConvNeXt_Unet\one_seed_results\ablation\01_baseline\seed_42\best_checkpoint.pth","one_seed_results\ablation\01_baseline\seed_42\evaluation_summary.json","",""
"one_seed_01_baseline","Exp01","42","Kvasir-SEG","MAE","0.027584425915720377","PROTOCOL MISMATCH","P-OLD350-PLATEAU","C:\Users\jafari.h\Desktop\ai_project\ConvNeXt_Unet\one_seed_results\ablation\01_baseline\seed_42\best_checkpoint.pth","one_seed_results\ablation\01_baseline\seed_42\evaluation_summary.json","",""
"one_seed_01_baseline","Exp01","6543","CVC-300","mDice","0.8693655361731847","PROTOCOL MISMATCH","P-OLD350-PLATEAU","C:\Users\jafari.h\Desktop\ai_project\ConvNeXt_Unet\one_seed_results\ablation\01_baseline\seed_6543\best_checkpoint.pth","one_seed_results\ablation\01_baseline\seed_6543\evaluation_summary.json","",""
"one_seed_01_baseline","Exp01","6543","CVC-300","mIoU","0.7972456231713295","PROTOCOL MISMATCH","P-OLD350-PLATEAU","C:\Users\jafari.h\Desktop\ai_project\ConvNeXt_Unet\one_seed_results\ablation\01_baseline\seed_6543\best_checkpoint.pth","one_seed_results\ablation\01_baseline\seed_6543\evaluation_summary.json","",""
"one_seed_01_baseline","Exp01","6543","CVC-300","S_alpha","0.9225665594083605","PROTOCOL MISMATCH","P-OLD350-PLATEAU","C:\Users\jafari.h\Desktop\ai_project\ConvNeXt_Unet\one_seed_results\ablation\01_baseline\seed_6543\best_checkpoint.pth","one_seed_results\ablation\01_baseline\seed_6543\evaluation_summary.json","",""
"one_seed_01_baseline","Exp01","6543","CVC-300","F_beta_w","0.8489636215231413","PROTOCOL MISMATCH","P-OLD350-PLATEAU","C:\Users\jafari.h\Desktop\ai_project\ConvNeXt_Unet\one_seed_results\ablation\01_baseline\seed_6543\best_checkpoint.pth","one_seed_results\ablation\01_baseline\seed_6543\evaluation_summary.json","",""
"one_seed_01_baseline","Exp01","6543","CVC-300","maxE_phi","0.9482389370737951","PROTOCOL MISMATCH","P-OLD350-PLATEAU","C:\Users\jafari.h\Desktop\ai_project\ConvNeXt_Unet\one_seed_results\ablation\01_baseline\seed_6543\best_checkpoint.pth","one_seed_results\ablation\01_baseline\seed_6543\evaluation_summary.json","",""
"one_seed_01_baseline","Exp01","6543","CVC-300","mE_phi","0.9435682238110881","PROTOCOL MISMATCH","P-OLD350-PLATEAU","C:\Users\jafari.h\Desktop\ai_project\ConvNeXt_Unet\one_seed_results\ablation\01_baseline\seed_6543\best_checkpoint.pth","one_seed_results\ablation\01_baseline\seed_6543\evaluation_summary.json","",""
"one_seed_01_baseline","Exp01","6543","CVC-300","MAE","0.008067667762492231","PROTOCOL MISMATCH","P-OLD350-PLATEAU","C:\Users\jafari.h\Desktop\ai_project\ConvNeXt_Unet\one_seed_results\ablation\01_baseline\seed_6543\best_checkpoint.pth","one_seed_results\ablation\01_baseline\seed_6543\evaluation_summary.json","",""
"one_seed_01_baseline","Exp01","6543","CVC-ClinicDB","mDice","0.942186826659787","PROTOCOL MISMATCH","P-OLD350-PLATEAU","C:\Users\jafari.h\Desktop\ai_project\ConvNeXt_Unet\one_seed_results\ablation\01_baseline\seed_6543\best_checkpoint.pth","one_seed_results\ablation\01_baseline\seed_6543\evaluation_summary.json","",""
"one_seed_01_baseline","Exp01","6543","CVC-ClinicDB","mIoU","0.8923261598233254","PROTOCOL MISMATCH","P-OLD350-PLATEAU","C:\Users\jafari.h\Desktop\ai_project\ConvNeXt_Unet\one_seed_results\ablation\01_baseline\seed_6543\best_checkpoint.pth","one_seed_results\ablation\01_baseline\seed_6543\evaluation_summary.json","",""
"one_seed_01_baseline","Exp01","6543","CVC-ClinicDB","S_alpha","0.9512167855863762","PROTOCOL MISMATCH","P-OLD350-PLATEAU","C:\Users\jafari.h\Desktop\ai_project\ConvNeXt_Unet\one_seed_results\ablation\01_baseline\seed_6543\best_checkpoint.pth","one_seed_results\ablation\01_baseline\seed_6543\evaluation_summary.json","",""
"one_seed_01_baseline","Exp01","6543","CVC-ClinicDB","F_beta_w","0.9313015850771265","PROTOCOL MISMATCH","P-OLD350-PLATEAU","C:\Users\jafari.h\Desktop\ai_project\ConvNeXt_Unet\one_seed_results\ablation\01_baseline\seed_6543\best_checkpoint.pth","one_seed_results\ablation\01_baseline\seed_6543\evaluation_summary.json","",""
"one_seed_01_baseline","Exp01","6543","CVC-ClinicDB","maxE_phi","0.9882133910761451","PROTOCOL MISMATCH","P-OLD350-PLATEAU","C:\Users\jafari.h\Desktop\ai_project\ConvNeXt_Unet\one_seed_results\ablation\01_baseline\seed_6543\best_checkpoint.pth","one_seed_results\ablation\01_baseline\seed_6543\evaluation_summary.json","",""
"one_seed_01_baseline","Exp01","6543","CVC-ClinicDB","mE_phi","0.9828660241267997","PROTOCOL MISMATCH","P-OLD350-PLATEAU","C:\Users\jafari.h\Desktop\ai_project\ConvNeXt_Unet\one_seed_results\ablation\01_baseline\seed_6543\best_checkpoint.pth","one_seed_results\ablation\01_baseline\seed_6543\evaluation_summary.json","",""
"one_seed_01_baseline","Exp01","6543","CVC-ClinicDB","MAE","0.010208101022962119","PROTOCOL MISMATCH","P-OLD350-PLATEAU","C:\Users\jafari.h\Desktop\ai_project\ConvNeXt_Unet\one_seed_results\ablation\01_baseline\seed_6543\best_checkpoint.pth","one_seed_results\ablation\01_baseline\seed_6543\evaluation_summary.json","",""
"one_seed_01_baseline","Exp01","6543","CVC-ColonDB","mDice","0.7202405412082806","PROTOCOL MISMATCH","P-OLD350-PLATEAU","C:\Users\jafari.h\Desktop\ai_project\ConvNeXt_Unet\one_seed_results\ablation\01_baseline\seed_6543\best_checkpoint.pth","one_seed_results\ablation\01_baseline\seed_6543\evaluation_summary.json","",""
"one_seed_01_baseline","Exp01","6543","CVC-ColonDB","mIoU","0.6388425882990302","PROTOCOL MISMATCH","P-OLD350-PLATEAU","C:\Users\jafari.h\Desktop\ai_project\ConvNeXt_Unet\one_seed_results\ablation\01_baseline\seed_6543\best_checkpoint.pth","one_seed_results\ablation\01_baseline\seed_6543\evaluation_summary.json","",""
"one_seed_01_baseline","Exp01","6543","CVC-ColonDB","S_alpha","0.8205050745934169","PROTOCOL MISMATCH","P-OLD350-PLATEAU","C:\Users\jafari.h\Desktop\ai_project\ConvNeXt_Unet\one_seed_results\ablation\01_baseline\seed_6543\best_checkpoint.pth","one_seed_results\ablation\01_baseline\seed_6543\evaluation_summary.json","",""
"one_seed_01_baseline","Exp01","6543","CVC-ColonDB","F_beta_w","0.7082686251079776","PROTOCOL MISMATCH","P-OLD350-PLATEAU","C:\Users\jafari.h\Desktop\ai_project\ConvNeXt_Unet\one_seed_results\ablation\01_baseline\seed_6543\best_checkpoint.pth","one_seed_results\ablation\01_baseline\seed_6543\evaluation_summary.json","",""
"one_seed_01_baseline","Exp01","6543","CVC-ColonDB","maxE_phi","0.855973711642787","PROTOCOL MISMATCH","P-OLD350-PLATEAU","C:\Users\jafari.h\Desktop\ai_project\ConvNeXt_Unet\one_seed_results\ablation\01_baseline\seed_6543\best_checkpoint.pth","one_seed_results\ablation\01_baseline\seed_6543\evaluation_summary.json","",""
"one_seed_01_baseline","Exp01","6543","CVC-ColonDB","mE_phi","0.8428120982838943","PROTOCOL MISMATCH","P-OLD350-PLATEAU","C:\Users\jafari.h\Desktop\ai_project\ConvNeXt_Unet\one_seed_results\ablation\01_baseline\seed_6543\best_checkpoint.pth","one_seed_results\ablation\01_baseline\seed_6543\evaluation_summary.json","",""
"one_seed_01_baseline","Exp01","6543","CVC-ColonDB","MAE","0.035707094585238824","PROTOCOL MISMATCH","P-OLD350-PLATEAU","C:\Users\jafari.h\Desktop\ai_project\ConvNeXt_Unet\one_seed_results\ablation\01_baseline\seed_6543\best_checkpoint.pth","one_seed_results\ablation\01_baseline\seed_6543\evaluation_summary.json","",""
"one_seed_01_baseline","Exp01","6543","ETIS-LaribPolypDB","mDice","0.6552655384058912","PROTOCOL MISMATCH","P-OLD350-PLATEAU","C:\Users\jafari.h\Desktop\ai_project\ConvNeXt_Unet\one_seed_results\ablation\01_baseline\seed_6543\best_checkpoint.pth","one_seed_results\ablation\01_baseline\seed_6543\evaluation_summary.json","",""
"one_seed_01_baseline","Exp01","6543","ETIS-LaribPolypDB","mIoU","0.5892051057869035","PROTOCOL MISMATCH","P-OLD350-PLATEAU","C:\Users\jafari.h\Desktop\ai_project\ConvNeXt_Unet\one_seed_results\ablation\01_baseline\seed_6543\best_checkpoint.pth","one_seed_results\ablation\01_baseline\seed_6543\evaluation_summary.json","",""
"one_seed_01_baseline","Exp01","6543","ETIS-LaribPolypDB","S_alpha","0.8102367987120043","PROTOCOL MISMATCH","P-OLD350-PLATEAU","C:\Users\jafari.h\Desktop\ai_project\ConvNeXt_Unet\one_seed_results\ablation\01_baseline\seed_6543\best_checkpoint.pth","one_seed_results\ablation\01_baseline\seed_6543\evaluation_summary.json","",""
"one_seed_01_baseline","Exp01","6543","ETIS-LaribPolypDB","F_beta_w","0.6473506962071617","PROTOCOL MISMATCH","P-OLD350-PLATEAU","C:\Users\jafari.h\Desktop\ai_project\ConvNeXt_Unet\one_seed_results\ablation\01_baseline\seed_6543\best_checkpoint.pth","one_seed_results\ablation\01_baseline\seed_6543\evaluation_summary.json","",""
"one_seed_01_baseline","Exp01","6543","ETIS-LaribPolypDB","maxE_phi","0.8073109579408244","PROTOCOL MISMATCH","P-OLD350-PLATEAU","C:\Users\jafari.h\Desktop\ai_project\ConvNeXt_Unet\one_seed_results\ablation\01_baseline\seed_6543\best_checkpoint.pth","one_seed_results\ablation\01_baseline\seed_6543\evaluation_summary.json","",""
"one_seed_01_baseline","Exp01","6543","ETIS-LaribPolypDB","mE_phi","0.7919023658507722","PROTOCOL MISMATCH","P-OLD350-PLATEAU","C:\Users\jafari.h\Desktop\ai_project\ConvNeXt_Unet\one_seed_results\ablation\01_baseline\seed_6543\best_checkpoint.pth","one_seed_results\ablation\01_baseline\seed_6543\evaluation_summary.json","",""
"one_seed_01_baseline","Exp01","6543","ETIS-LaribPolypDB","MAE","0.015668375190661256","PROTOCOL MISMATCH","P-OLD350-PLATEAU","C:\Users\jafari.h\Desktop\ai_project\ConvNeXt_Unet\one_seed_results\ablation\01_baseline\seed_6543\best_checkpoint.pth","one_seed_results\ablation\01_baseline\seed_6543\evaluation_summary.json","",""
"one_seed_01_baseline","Exp01","6543","Kvasir-SEG","mDice","0.9138404920697212","PROTOCOL MISMATCH","P-OLD350-PLATEAU","C:\Users\jafari.h\Desktop\ai_project\ConvNeXt_Unet\one_seed_results\ablation\01_baseline\seed_6543\best_checkpoint.pth","one_seed_results\ablation\01_baseline\seed_6543\evaluation_summary.json","",""
"one_seed_01_baseline","Exp01","6543","Kvasir-SEG","mIoU","0.8554086926579475","PROTOCOL MISMATCH","P-OLD350-PLATEAU","C:\Users\jafari.h\Desktop\ai_project\ConvNeXt_Unet\one_seed_results\ablation\01_baseline\seed_6543\best_checkpoint.pth","one_seed_results\ablation\01_baseline\seed_6543\evaluation_summary.json","",""
"one_seed_01_baseline","Exp01","6543","Kvasir-SEG","S_alpha","0.9207582328038397","PROTOCOL MISMATCH","P-OLD350-PLATEAU","C:\Users\jafari.h\Desktop\ai_project\ConvNeXt_Unet\one_seed_results\ablation\01_baseline\seed_6543\best_checkpoint.pth","one_seed_results\ablation\01_baseline\seed_6543\evaluation_summary.json","",""
"one_seed_01_baseline","Exp01","6543","Kvasir-SEG","F_beta_w","0.891395213327898","PROTOCOL MISMATCH","P-OLD350-PLATEAU","C:\Users\jafari.h\Desktop\ai_project\ConvNeXt_Unet\one_seed_results\ablation\01_baseline\seed_6543\best_checkpoint.pth","one_seed_results\ablation\01_baseline\seed_6543\evaluation_summary.json","",""
"one_seed_01_baseline","Exp01","6543","Kvasir-SEG","maxE_phi","0.9584410002073231","PROTOCOL MISMATCH","P-OLD350-PLATEAU","C:\Users\jafari.h\Desktop\ai_project\ConvNeXt_Unet\one_seed_results\ablation\01_baseline\seed_6543\best_checkpoint.pth","one_seed_results\ablation\01_baseline\seed_6543\evaluation_summary.json","",""
"one_seed_01_baseline","Exp01","6543","Kvasir-SEG","mE_phi","0.9509885987562632","PROTOCOL MISMATCH","P-OLD350-PLATEAU","C:\Users\jafari.h\Desktop\ai_project\ConvNeXt_Unet\one_seed_results\ablation\01_baseline\seed_6543\best_checkpoint.pth","one_seed_results\ablation\01_baseline\seed_6543\evaluation_summary.json","",""
"one_seed_01_baseline","Exp01","6543","Kvasir-SEG","MAE","0.029693257251232348","PROTOCOL MISMATCH","P-OLD350-PLATEAU","C:\Users\jafari.h\Desktop\ai_project\ConvNeXt_Unet\one_seed_results\ablation\01_baseline\seed_6543\best_checkpoint.pth","one_seed_results\ablation\01_baseline\seed_6543\evaluation_summary.json","",""
"one_seed_01_baseline","Exp01","7777","CVC-300","mDice","0.8746557978292306","PROTOCOL MISMATCH","P-OLD350-PLATEAU","C:\Users\jafari.h\Desktop\ai_project\ConvNeXt_Unet\one_seed_results\ablation\01_baseline\seed_7777\best_checkpoint.pth","one_seed_results\ablation\01_baseline\seed_7777\evaluation_summary.json","",""
"one_seed_01_baseline","Exp01","7777","CVC-300","mIoU","0.8038810362418493","PROTOCOL MISMATCH","P-OLD350-PLATEAU","C:\Users\jafari.h\Desktop\ai_project\ConvNeXt_Unet\one_seed_results\ablation\01_baseline\seed_7777\best_checkpoint.pth","one_seed_results\ablation\01_baseline\seed_7777\evaluation_summary.json","",""
"one_seed_01_baseline","Exp01","7777","CVC-300","S_alpha","0.9287019369060349","PROTOCOL MISMATCH","P-OLD350-PLATEAU","C:\Users\jafari.h\Desktop\ai_project\ConvNeXt_Unet\one_seed_results\ablation\01_baseline\seed_7777\best_checkpoint.pth","one_seed_results\ablation\01_baseline\seed_7777\evaluation_summary.json","",""
"one_seed_01_baseline","Exp01","7777","CVC-300","F_beta_w","0.8522452100035983","PROTOCOL MISMATCH","P-OLD350-PLATEAU","C:\Users\jafari.h\Desktop\ai_project\ConvNeXt_Unet\one_seed_results\ablation\01_baseline\seed_7777\best_checkpoint.pth","one_seed_results\ablation\01_baseline\seed_7777\evaluation_summary.json","",""
"one_seed_01_baseline","Exp01","7777","CVC-300","maxE_phi","0.9534921111550063","PROTOCOL MISMATCH","P-OLD350-PLATEAU","C:\Users\jafari.h\Desktop\ai_project\ConvNeXt_Unet\one_seed_results\ablation\01_baseline\seed_7777\best_checkpoint.pth","one_seed_results\ablation\01_baseline\seed_7777\evaluation_summary.json","",""
"one_seed_01_baseline","Exp01","7777","CVC-300","mE_phi","0.9456351398690416","PROTOCOL MISMATCH","P-OLD350-PLATEAU","C:\Users\jafari.h\Desktop\ai_project\ConvNeXt_Unet\one_seed_results\ablation\01_baseline\seed_7777\best_checkpoint.pth","one_seed_results\ablation\01_baseline\seed_7777\evaluation_summary.json","",""
"one_seed_01_baseline","Exp01","7777","CVC-300","MAE","0.007863586244400882","PROTOCOL MISMATCH","P-OLD350-PLATEAU","C:\Users\jafari.h\Desktop\ai_project\ConvNeXt_Unet\one_seed_results\ablation\01_baseline\seed_7777\best_checkpoint.pth","one_seed_results\ablation\01_baseline\seed_7777\evaluation_summary.json","",""
"one_seed_01_baseline","Exp01","7777","CVC-ClinicDB","mDice","0.9438033844194105","PROTOCOL MISMATCH","P-OLD350-PLATEAU","C:\Users\jafari.h\Desktop\ai_project\ConvNeXt_Unet\one_seed_results\ablation\01_baseline\seed_7777\best_checkpoint.pth","one_seed_results\ablation\01_baseline\seed_7777\evaluation_summary.json","",""
"one_seed_01_baseline","Exp01","7777","CVC-ClinicDB","mIoU","0.8954261214502396","PROTOCOL MISMATCH","P-OLD350-PLATEAU","C:\Users\jafari.h\Desktop\ai_project\ConvNeXt_Unet\one_seed_results\ablation\01_baseline\seed_7777\best_checkpoint.pth","one_seed_results\ablation\01_baseline\seed_7777\evaluation_summary.json","",""
"one_seed_01_baseline","Exp01","7777","CVC-ClinicDB","S_alpha","0.9528141731379741","PROTOCOL MISMATCH","P-OLD350-PLATEAU","C:\Users\jafari.h\Desktop\ai_project\ConvNeXt_Unet\one_seed_results\ablation\01_baseline\seed_7777\best_checkpoint.pth","one_seed_results\ablation\01_baseline\seed_7777\evaluation_summary.json","",""
"one_seed_01_baseline","Exp01","7777","CVC-ClinicDB","F_beta_w","0.934836069409587","PROTOCOL MISMATCH","P-OLD350-PLATEAU","C:\Users\jafari.h\Desktop\ai_project\ConvNeXt_Unet\one_seed_results\ablation\01_baseline\seed_7777\best_checkpoint.pth","one_seed_results\ablation\01_baseline\seed_7777\evaluation_summary.json","",""
"one_seed_01_baseline","Exp01","7777","CVC-ClinicDB","maxE_phi","0.987528630002479","PROTOCOL MISMATCH","P-OLD350-PLATEAU","C:\Users\jafari.h\Desktop\ai_project\ConvNeXt_Unet\one_seed_results\ablation\01_baseline\seed_7777\best_checkpoint.pth","one_seed_results\ablation\01_baseline\seed_7777\evaluation_summary.json","",""
"one_seed_01_baseline","Exp01","7777","CVC-ClinicDB","mE_phi","0.9828254630192261","PROTOCOL MISMATCH","P-OLD350-PLATEAU","C:\Users\jafari.h\Desktop\ai_project\ConvNeXt_Unet\one_seed_results\ablation\01_baseline\seed_7777\best_checkpoint.pth","one_seed_results\ablation\01_baseline\seed_7777\evaluation_summary.json","",""
"one_seed_01_baseline","Exp01","7777","CVC-ClinicDB","MAE","0.010043961312580422","PROTOCOL MISMATCH","P-OLD350-PLATEAU","C:\Users\jafari.h\Desktop\ai_project\ConvNeXt_Unet\one_seed_results\ablation\01_baseline\seed_7777\best_checkpoint.pth","one_seed_results\ablation\01_baseline\seed_7777\evaluation_summary.json","",""
"one_seed_01_baseline","Exp01","7777","CVC-ColonDB","mDice","0.7338539947582762","PROTOCOL MISMATCH","P-OLD350-PLATEAU","C:\Users\jafari.h\Desktop\ai_project\ConvNeXt_Unet\one_seed_results\ablation\01_baseline\seed_7777\best_checkpoint.pth","one_seed_results\ablation\01_baseline\seed_7777\evaluation_summary.json","",""
"one_seed_01_baseline","Exp01","7777","CVC-ColonDB","mIoU","0.6522707908045364","PROTOCOL MISMATCH","P-OLD350-PLATEAU","C:\Users\jafari.h\Desktop\ai_project\ConvNeXt_Unet\one_seed_results\ablation\01_baseline\seed_7777\best_checkpoint.pth","one_seed_results\ablation\01_baseline\seed_7777\evaluation_summary.json","",""
"one_seed_01_baseline","Exp01","7777","CVC-ColonDB","S_alpha","0.8269097481378355","PROTOCOL MISMATCH","P-OLD350-PLATEAU","C:\Users\jafari.h\Desktop\ai_project\ConvNeXt_Unet\one_seed_results\ablation\01_baseline\seed_7777\best_checkpoint.pth","one_seed_results\ablation\01_baseline\seed_7777\evaluation_summary.json","",""
"one_seed_01_baseline","Exp01","7777","CVC-ColonDB","F_beta_w","0.7198279825139815","PROTOCOL MISMATCH","P-OLD350-PLATEAU","C:\Users\jafari.h\Desktop\ai_project\ConvNeXt_Unet\one_seed_results\ablation\01_baseline\seed_7777\best_checkpoint.pth","one_seed_results\ablation\01_baseline\seed_7777\evaluation_summary.json","",""
"one_seed_01_baseline","Exp01","7777","CVC-ColonDB","maxE_phi","0.8632223354833967","PROTOCOL MISMATCH","P-OLD350-PLATEAU","C:\Users\jafari.h\Desktop\ai_project\ConvNeXt_Unet\one_seed_results\ablation\01_baseline\seed_7777\best_checkpoint.pth","one_seed_results\ablation\01_baseline\seed_7777\evaluation_summary.json","",""
"one_seed_01_baseline","Exp01","7777","CVC-ColonDB","mE_phi","0.8530300027223015","PROTOCOL MISMATCH","P-OLD350-PLATEAU","C:\Users\jafari.h\Desktop\ai_project\ConvNeXt_Unet\one_seed_results\ablation\01_baseline\seed_7777\best_checkpoint.pth","one_seed_results\ablation\01_baseline\seed_7777\evaluation_summary.json","",""
"one_seed_01_baseline","Exp01","7777","CVC-ColonDB","MAE","0.035678350565175404","PROTOCOL MISMATCH","P-OLD350-PLATEAU","C:\Users\jafari.h\Desktop\ai_project\ConvNeXt_Unet\one_seed_results\ablation\01_baseline\seed_7777\best_checkpoint.pth","one_seed_results\ablation\01_baseline\seed_7777\evaluation_summary.json","",""
"one_seed_01_baseline","Exp01","7777","ETIS-LaribPolypDB","mDice","0.7089224442623117","PROTOCOL MISMATCH","P-OLD350-PLATEAU","C:\Users\jafari.h\Desktop\ai_project\ConvNeXt_Unet\one_seed_results\ablation\01_baseline\seed_7777\best_checkpoint.pth","one_seed_results\ablation\01_baseline\seed_7777\evaluation_summary.json","",""
"one_seed_01_baseline","Exp01","7777","ETIS-LaribPolypDB","mIoU","0.6413695083220412","PROTOCOL MISMATCH","P-OLD350-PLATEAU","C:\Users\jafari.h\Desktop\ai_project\ConvNeXt_Unet\one_seed_results\ablation\01_baseline\seed_7777\best_checkpoint.pth","one_seed_results\ablation\01_baseline\seed_7777\evaluation_summary.json","",""
"one_seed_01_baseline","Exp01","7777","ETIS-LaribPolypDB","S_alpha","0.8386259890673494","PROTOCOL MISMATCH","P-OLD350-PLATEAU","C:\Users\jafari.h\Desktop\ai_project\ConvNeXt_Unet\one_seed_results\ablation\01_baseline\seed_7777\best_checkpoint.pth","one_seed_results\ablation\01_baseline\seed_7777\evaluation_summary.json","",""
"one_seed_01_baseline","Exp01","7777","ETIS-LaribPolypDB","F_beta_w","0.6909803186066379","PROTOCOL MISMATCH","P-OLD350-PLATEAU","C:\Users\jafari.h\Desktop\ai_project\ConvNeXt_Unet\one_seed_results\ablation\01_baseline\seed_7777\best_checkpoint.pth","one_seed_results\ablation\01_baseline\seed_7777\evaluation_summary.json","",""
"one_seed_01_baseline","Exp01","7777","ETIS-LaribPolypDB","maxE_phi","0.8451465326259295","PROTOCOL MISMATCH","P-OLD350-PLATEAU","C:\Users\jafari.h\Desktop\ai_project\ConvNeXt_Unet\one_seed_results\ablation\01_baseline\seed_7777\best_checkpoint.pth","one_seed_results\ablation\01_baseline\seed_7777\evaluation_summary.json","",""
"one_seed_01_baseline","Exp01","7777","ETIS-LaribPolypDB","mE_phi","0.8340855105409267","PROTOCOL MISMATCH","P-OLD350-PLATEAU","C:\Users\jafari.h\Desktop\ai_project\ConvNeXt_Unet\one_seed_results\ablation\01_baseline\seed_7777\best_checkpoint.pth","one_seed_results\ablation\01_baseline\seed_7777\evaluation_summary.json","",""
"one_seed_01_baseline","Exp01","7777","ETIS-LaribPolypDB","MAE","0.013285049569489126","PROTOCOL MISMATCH","P-OLD350-PLATEAU","C:\Users\jafari.h\Desktop\ai_project\ConvNeXt_Unet\one_seed_results\ablation\01_baseline\seed_7777\best_checkpoint.pth","one_seed_results\ablation\01_baseline\seed_7777\evaluation_summary.json","",""
"one_seed_01_baseline","Exp01","7777","Kvasir-SEG","mDice","0.9113805758953094","PROTOCOL MISMATCH","P-OLD350-PLATEAU","C:\Users\jafari.h\Desktop\ai_project\ConvNeXt_Unet\one_seed_results\ablation\01_baseline\seed_7777\best_checkpoint.pth","one_seed_results\ablation\01_baseline\seed_7777\evaluation_summary.json","",""
"one_seed_01_baseline","Exp01","7777","Kvasir-SEG","mIoU","0.8550602027773857","PROTOCOL MISMATCH","P-OLD350-PLATEAU","C:\Users\jafari.h\Desktop\ai_project\ConvNeXt_Unet\one_seed_results\ablation\01_baseline\seed_7777\best_checkpoint.pth","one_seed_results\ablation\01_baseline\seed_7777\evaluation_summary.json","",""
"one_seed_01_baseline","Exp01","7777","Kvasir-SEG","S_alpha","0.9224160667628035","PROTOCOL MISMATCH","P-OLD350-PLATEAU","C:\Users\jafari.h\Desktop\ai_project\ConvNeXt_Unet\one_seed_results\ablation\01_baseline\seed_7777\best_checkpoint.pth","one_seed_results\ablation\01_baseline\seed_7777\evaluation_summary.json","",""
"one_seed_01_baseline","Exp01","7777","Kvasir-SEG","F_beta_w","0.8866688849688509","PROTOCOL MISMATCH","P-OLD350-PLATEAU","C:\Users\jafari.h\Desktop\ai_project\ConvNeXt_Unet\one_seed_results\ablation\01_baseline\seed_7777\best_checkpoint.pth","one_seed_results\ablation\01_baseline\seed_7777\evaluation_summary.json","",""
"one_seed_01_baseline","Exp01","7777","Kvasir-SEG","maxE_phi","0.9580716877080208","PROTOCOL MISMATCH","P-OLD350-PLATEAU","C:\Users\jafari.h\Desktop\ai_project\ConvNeXt_Unet\one_seed_results\ablation\01_baseline\seed_7777\best_checkpoint.pth","one_seed_results\ablation\01_baseline\seed_7777\evaluation_summary.json","",""
"one_seed_01_baseline","Exp01","7777","Kvasir-SEG","mE_phi","0.948503799432129","PROTOCOL MISMATCH","P-OLD350-PLATEAU","C:\Users\jafari.h\Desktop\ai_project\ConvNeXt_Unet\one_seed_results\ablation\01_baseline\seed_7777\best_checkpoint.pth","one_seed_results\ablation\01_baseline\seed_7777\evaluation_summary.json","",""
"one_seed_01_baseline","Exp01","7777","Kvasir-SEG","MAE","0.02776149308634167","PROTOCOL MISMATCH","P-OLD350-PLATEAU","C:\Users\jafari.h\Desktop\ai_project\ConvNeXt_Unet\one_seed_results\ablation\01_baseline\seed_7777\best_checkpoint.pth","one_seed_results\ablation\01_baseline\seed_7777\evaluation_summary.json","",""
"one_seed_45_fafem_residual_frequency_guided_mscb_stage3_stronger_init_warmup_cosine","Exp45","42","CVC-300","mDice","0.8830929279327393","VALID FOR FINAL ABLATION","P-WC200-LW","C:\Users\jafari.h\Desktop\ai_project\ConvNeXt_Unet\one_seed_results\ablation\45_fafem_residual_frequency_guided_mscb_stage3_stronger_init_warmup_cosine\seed_42\best_checkpoint.pth","one_seed_results\ablation\45_fafem_residual_frequency_guided_mscb_stage3_stronger_init_warmup_cosine\seed_42\evaluation_summary.json","",""
"one_seed_45_fafem_residual_frequency_guided_mscb_stage3_stronger_init_warmup_cosine","Exp45","42","CVC-300","mIoU","0.8123322029908498","VALID FOR FINAL ABLATION","P-WC200-LW","C:\Users\jafari.h\Desktop\ai_project\ConvNeXt_Unet\one_seed_results\ablation\45_fafem_residual_frequency_guided_mscb_stage3_stronger_init_warmup_cosine\seed_42\best_checkpoint.pth","one_seed_results\ablation\45_fafem_residual_frequency_guided_mscb_stage3_stronger_init_warmup_cosine\seed_42\evaluation_summary.json","",""
"one_seed_45_fafem_residual_frequency_guided_mscb_stage3_stronger_init_warmup_cosine","Exp45","42","CVC-300","S_alpha","0.929633806483521","VALID FOR FINAL ABLATION","P-WC200-LW","C:\Users\jafari.h\Desktop\ai_project\ConvNeXt_Unet\one_seed_results\ablation\45_fafem_residual_frequency_guided_mscb_stage3_stronger_init_warmup_cosine\seed_42\best_checkpoint.pth","one_seed_results\ablation\45_fafem_residual_frequency_guided_mscb_stage3_stronger_init_warmup_cosine\seed_42\evaluation_summary.json","",""
"one_seed_45_fafem_residual_frequency_guided_mscb_stage3_stronger_init_warmup_cosine","Exp45","42","CVC-300","F_beta_w","0.8582163365196894","VALID FOR FINAL ABLATION","P-WC200-LW","C:\Users\jafari.h\Desktop\ai_project\ConvNeXt_Unet\one_seed_results\ablation\45_fafem_residual_frequency_guided_mscb_stage3_stronger_init_warmup_cosine\seed_42\best_checkpoint.pth","one_seed_results\ablation\45_fafem_residual_frequency_guided_mscb_stage3_stronger_init_warmup_cosine\seed_42\evaluation_summary.json","",""
"one_seed_45_fafem_residual_frequency_guided_mscb_stage3_stronger_init_warmup_cosine","Exp45","42","CVC-300","maxE_phi","0.9701211713151261","VALID FOR FINAL ABLATION","P-WC200-LW","C:\Users\jafari.h\Desktop\ai_project\ConvNeXt_Unet\one_seed_results\ablation\45_fafem_residual_frequency_guided_mscb_stage3_stronger_init_warmup_cosine\seed_42\best_checkpoint.pth","one_seed_results\ablation\45_fafem_residual_frequency_guided_mscb_stage3_stronger_init_warmup_cosine\seed_42\evaluation_summary.json","",""
"one_seed_45_fafem_residual_frequency_guided_mscb_stage3_stronger_init_warmup_cosine","Exp45","42","CVC-300","mE_phi","0.9526473772581521","VALID FOR FINAL ABLATION","P-WC200-LW","C:\Users\jafari.h\Desktop\ai_project\ConvNeXt_Unet\one_seed_results\ablation\45_fafem_residual_frequency_guided_mscb_stage3_stronger_init_warmup_cosine\seed_42\best_checkpoint.pth","one_seed_results\ablation\45_fafem_residual_frequency_guided_mscb_stage3_stronger_init_warmup_cosine\seed_42\evaluation_summary.json","",""
"one_seed_45_fafem_residual_frequency_guided_mscb_stage3_stronger_init_warmup_cosine","Exp45","42","CVC-300","MAE","0.00766711185088176","VALID FOR FINAL ABLATION","P-WC200-LW","C:\Users\jafari.h\Desktop\ai_project\ConvNeXt_Unet\one_seed_results\ablation\45_fafem_residual_frequency_guided_mscb_stage3_stronger_init_warmup_cosine\seed_42\best_checkpoint.pth","one_seed_results\ablation\45_fafem_residual_frequency_guided_mscb_stage3_stronger_init_warmup_cosine\seed_42\evaluation_summary.json","",""
"one_seed_45_fafem_residual_frequency_guided_mscb_stage3_stronger_init_warmup_cosine","Exp45","42","CVC-ClinicDB","mDice","0.9342429791727374","VALID FOR FINAL ABLATION","P-WC200-LW","C:\Users\jafari.h\Desktop\ai_project\ConvNeXt_Unet\one_seed_results\ablation\45_fafem_residual_frequency_guided_mscb_stage3_stronger_init_warmup_cosine\seed_42\best_checkpoint.pth","one_seed_results\ablation\45_fafem_residual_frequency_guided_mscb_stage3_stronger_init_warmup_cosine\seed_42\evaluation_summary.json","",""
"one_seed_45_fafem_residual_frequency_guided_mscb_stage3_stronger_init_warmup_cosine","Exp45","42","CVC-ClinicDB","mIoU","0.8834054301823339","VALID FOR FINAL ABLATION","P-WC200-LW","C:\Users\jafari.h\Desktop\ai_project\ConvNeXt_Unet\one_seed_results\ablation\45_fafem_residual_frequency_guided_mscb_stage3_stronger_init_warmup_cosine\seed_42\best_checkpoint.pth","one_seed_results\ablation\45_fafem_residual_frequency_guided_mscb_stage3_stronger_init_warmup_cosine\seed_42\evaluation_summary.json","",""
"one_seed_45_fafem_residual_frequency_guided_mscb_stage3_stronger_init_warmup_cosine","Exp45","42","CVC-ClinicDB","S_alpha","0.9452727422833411","VALID FOR FINAL ABLATION","P-WC200-LW","C:\Users\jafari.h\Desktop\ai_project\ConvNeXt_Unet\one_seed_results\ablation\45_fafem_residual_frequency_guided_mscb_stage3_stronger_init_warmup_cosine\seed_42\best_checkpoint.pth","one_seed_results\ablation\45_fafem_residual_frequency_guided_mscb_stage3_stronger_init_warmup_cosine\seed_42\evaluation_summary.json","",""
"one_seed_45_fafem_residual_frequency_guided_mscb_stage3_stronger_init_warmup_cosine","Exp45","42","CVC-ClinicDB","F_beta_w","0.9222779099174999","VALID FOR FINAL ABLATION","P-WC200-LW","C:\Users\jafari.h\Desktop\ai_project\ConvNeXt_Unet\one_seed_results\ablation\45_fafem_residual_frequency_guided_mscb_stage3_stronger_init_warmup_cosine\seed_42\best_checkpoint.pth","one_seed_results\ablation\45_fafem_residual_frequency_guided_mscb_stage3_stronger_init_warmup_cosine\seed_42\evaluation_summary.json","",""
"one_seed_45_fafem_residual_frequency_guided_mscb_stage3_stronger_init_warmup_cosine","Exp45","42","CVC-ClinicDB","maxE_phi","0.9817463192534722","VALID FOR FINAL ABLATION","P-WC200-LW","C:\Users\jafari.h\Desktop\ai_project\ConvNeXt_Unet\one_seed_results\ablation\45_fafem_residual_frequency_guided_mscb_stage3_stronger_init_warmup_cosine\seed_42\best_checkpoint.pth","one_seed_results\ablation\45_fafem_residual_frequency_guided_mscb_stage3_stronger_init_warmup_cosine\seed_42\evaluation_summary.json","",""
"one_seed_45_fafem_residual_frequency_guided_mscb_stage3_stronger_init_warmup_cosine","Exp45","42","CVC-ClinicDB","mE_phi","0.976753747641283","VALID FOR FINAL ABLATION","P-WC200-LW","C:\Users\jafari.h\Desktop\ai_project\ConvNeXt_Unet\one_seed_results\ablation\45_fafem_residual_frequency_guided_mscb_stage3_stronger_init_warmup_cosine\seed_42\best_checkpoint.pth","one_seed_results\ablation\45_fafem_residual_frequency_guided_mscb_stage3_stronger_init_warmup_cosine\seed_42\evaluation_summary.json","",""
"one_seed_45_fafem_residual_frequency_guided_mscb_stage3_stronger_init_warmup_cosine","Exp45","42","CVC-ClinicDB","MAE","0.011129827116640286","VALID FOR FINAL ABLATION","P-WC200-LW","C:\Users\jafari.h\Desktop\ai_project\ConvNeXt_Unet\one_seed_results\ablation\45_fafem_residual_frequency_guided_mscb_stage3_stronger_init_warmup_cosine\seed_42\best_checkpoint.pth","one_seed_results\ablation\45_fafem_residual_frequency_guided_mscb_stage3_stronger_init_warmup_cosine\seed_42\evaluation_summary.json","",""
"one_seed_45_fafem_residual_frequency_guided_mscb_stage3_stronger_init_warmup_cosine","Exp45","42","CVC-ColonDB","mDice","0.8034491523862707","VALID FOR FINAL ABLATION","P-WC200-LW","C:\Users\jafari.h\Desktop\ai_project\ConvNeXt_Unet\one_seed_results\ablation\45_fafem_residual_frequency_guided_mscb_stage3_stronger_init_warmup_cosine\seed_42\best_checkpoint.pth","one_seed_results\ablation\45_fafem_residual_frequency_guided_mscb_stage3_stronger_init_warmup_cosine\seed_42\evaluation_summary.json","",""
"one_seed_45_fafem_residual_frequency_guided_mscb_stage3_stronger_init_warmup_cosine","Exp45","42","CVC-ColonDB","mIoU","0.7223448227792134","VALID FOR FINAL ABLATION","P-WC200-LW","C:\Users\jafari.h\Desktop\ai_project\ConvNeXt_Unet\one_seed_results\ablation\45_fafem_residual_frequency_guided_mscb_stage3_stronger_init_warmup_cosine\seed_42\best_checkpoint.pth","one_seed_results\ablation\45_fafem_residual_frequency_guided_mscb_stage3_stronger_init_warmup_cosine\seed_42\evaluation_summary.json","",""
"one_seed_45_fafem_residual_frequency_guided_mscb_stage3_stronger_init_warmup_cosine","Exp45","42","CVC-ColonDB","S_alpha","0.8665508692526531","VALID FOR FINAL ABLATION","P-WC200-LW","C:\Users\jafari.h\Desktop\ai_project\ConvNeXt_Unet\one_seed_results\ablation\45_fafem_residual_frequency_guided_mscb_stage3_stronger_init_warmup_cosine\seed_42\best_checkpoint.pth","one_seed_results\ablation\45_fafem_residual_frequency_guided_mscb_stage3_stronger_init_warmup_cosine\seed_42\evaluation_summary.json","",""
"one_seed_45_fafem_residual_frequency_guided_mscb_stage3_stronger_init_warmup_cosine","Exp45","42","CVC-ColonDB","F_beta_w","0.777801218567189","VALID FOR FINAL ABLATION","P-WC200-LW","C:\Users\jafari.h\Desktop\ai_project\ConvNeXt_Unet\one_seed_results\ablation\45_fafem_residual_frequency_guided_mscb_stage3_stronger_init_warmup_cosine\seed_42\best_checkpoint.pth","one_seed_results\ablation\45_fafem_residual_frequency_guided_mscb_stage3_stronger_init_warmup_cosine\seed_42\evaluation_summary.json","",""
"one_seed_45_fafem_residual_frequency_guided_mscb_stage3_stronger_init_warmup_cosine","Exp45","42","CVC-ColonDB","maxE_phi","0.9091988408814793","VALID FOR FINAL ABLATION","P-WC200-LW","C:\Users\jafari.h\Desktop\ai_project\ConvNeXt_Unet\one_seed_results\ablation\45_fafem_residual_frequency_guided_mscb_stage3_stronger_init_warmup_cosine\seed_42\best_checkpoint.pth","one_seed_results\ablation\45_fafem_residual_frequency_guided_mscb_stage3_stronger_init_warmup_cosine\seed_42\evaluation_summary.json","",""
"one_seed_45_fafem_residual_frequency_guided_mscb_stage3_stronger_init_warmup_cosine","Exp45","42","CVC-ColonDB","mE_phi","0.902877187888576","VALID FOR FINAL ABLATION","P-WC200-LW","C:\Users\jafari.h\Desktop\ai_project\ConvNeXt_Unet\one_seed_results\ablation\45_fafem_residual_frequency_guided_mscb_stage3_stronger_init_warmup_cosine\seed_42\best_checkpoint.pth","one_seed_results\ablation\45_fafem_residual_frequency_guided_mscb_stage3_stronger_init_warmup_cosine\seed_42\evaluation_summary.json","",""
"one_seed_45_fafem_residual_frequency_guided_mscb_stage3_stronger_init_warmup_cosine","Exp45","42","CVC-ColonDB","MAE","0.0337148304174525","VALID FOR FINAL ABLATION","P-WC200-LW","C:\Users\jafari.h\Desktop\ai_project\ConvNeXt_Unet\one_seed_results\ablation\45_fafem_residual_frequency_guided_mscb_stage3_stronger_init_warmup_cosine\seed_42\best_checkpoint.pth","one_seed_results\ablation\45_fafem_residual_frequency_guided_mscb_stage3_stronger_init_warmup_cosine\seed_42\evaluation_summary.json","",""
"one_seed_45_fafem_residual_frequency_guided_mscb_stage3_stronger_init_warmup_cosine","Exp45","42","ETIS-LaribPolypDB","mDice","0.7979706939480531","VALID FOR FINAL ABLATION","P-WC200-LW","C:\Users\jafari.h\Desktop\ai_project\ConvNeXt_Unet\one_seed_results\ablation\45_fafem_residual_frequency_guided_mscb_stage3_stronger_init_warmup_cosine\seed_42\best_checkpoint.pth","one_seed_results\ablation\45_fafem_residual_frequency_guided_mscb_stage3_stronger_init_warmup_cosine\seed_42\evaluation_summary.json","",""
"one_seed_45_fafem_residual_frequency_guided_mscb_stage3_stronger_init_warmup_cosine","Exp45","42","ETIS-LaribPolypDB","mIoU","0.7191954528988564","VALID FOR FINAL ABLATION","P-WC200-LW","C:\Users\jafari.h\Desktop\ai_project\ConvNeXt_Unet\one_seed_results\ablation\45_fafem_residual_frequency_guided_mscb_stage3_stronger_init_warmup_cosine\seed_42\best_checkpoint.pth","one_seed_results\ablation\45_fafem_residual_frequency_guided_mscb_stage3_stronger_init_warmup_cosine\seed_42\evaluation_summary.json","",""
"one_seed_45_fafem_residual_frequency_guided_mscb_stage3_stronger_init_warmup_cosine","Exp45","42","ETIS-LaribPolypDB","S_alpha","0.8821249810159567","VALID FOR FINAL ABLATION","P-WC200-LW","C:\Users\jafari.h\Desktop\ai_project\ConvNeXt_Unet\one_seed_results\ablation\45_fafem_residual_frequency_guided_mscb_stage3_stronger_init_warmup_cosine\seed_42\best_checkpoint.pth","one_seed_results\ablation\45_fafem_residual_frequency_guided_mscb_stage3_stronger_init_warmup_cosine\seed_42\evaluation_summary.json","",""
"one_seed_45_fafem_residual_frequency_guided_mscb_stage3_stronger_init_warmup_cosine","Exp45","42","ETIS-LaribPolypDB","F_beta_w","0.7616720501331721","VALID FOR FINAL ABLATION","P-WC200-LW","C:\Users\jafari.h\Desktop\ai_project\ConvNeXt_Unet\one_seed_results\ablation\45_fafem_residual_frequency_guided_mscb_stage3_stronger_init_warmup_cosine\seed_42\best_checkpoint.pth","one_seed_results\ablation\45_fafem_residual_frequency_guided_mscb_stage3_stronger_init_warmup_cosine\seed_42\evaluation_summary.json","",""
"one_seed_45_fafem_residual_frequency_guided_mscb_stage3_stronger_init_warmup_cosine","Exp45","42","ETIS-LaribPolypDB","maxE_phi","0.9175960392933017","VALID FOR FINAL ABLATION","P-WC200-LW","C:\Users\jafari.h\Desktop\ai_project\ConvNeXt_Unet\one_seed_results\ablation\45_fafem_residual_frequency_guided_mscb_stage3_stronger_init_warmup_cosine\seed_42\best_checkpoint.pth","one_seed_results\ablation\45_fafem_residual_frequency_guided_mscb_stage3_stronger_init_warmup_cosine\seed_42\evaluation_summary.json","",""
"one_seed_45_fafem_residual_frequency_guided_mscb_stage3_stronger_init_warmup_cosine","Exp45","42","ETIS-LaribPolypDB","mE_phi","0.904805079771281","VALID FOR FINAL ABLATION","P-WC200-LW","C:\Users\jafari.h\Desktop\ai_project\ConvNeXt_Unet\one_seed_results\ablation\45_fafem_residual_frequency_guided_mscb_stage3_stronger_init_warmup_cosine\seed_42\best_checkpoint.pth","one_seed_results\ablation\45_fafem_residual_frequency_guided_mscb_stage3_stronger_init_warmup_cosine\seed_42\evaluation_summary.json","",""
"one_seed_45_fafem_residual_frequency_guided_mscb_stage3_stronger_init_warmup_cosine","Exp45","42","ETIS-LaribPolypDB","MAE","0.01480472846230125","VALID FOR FINAL ABLATION","P-WC200-LW","C:\Users\jafari.h\Desktop\ai_project\ConvNeXt_Unet\one_seed_results\ablation\45_fafem_residual_frequency_guided_mscb_stage3_stronger_init_warmup_cosine\seed_42\best_checkpoint.pth","one_seed_results\ablation\45_fafem_residual_frequency_guided_mscb_stage3_stronger_init_warmup_cosine\seed_42\evaluation_summary.json","",""
"one_seed_45_fafem_residual_frequency_guided_mscb_stage3_stronger_init_warmup_cosine","Exp45","42","Kvasir-SEG","mDice","0.9335697877407074","VALID FOR FINAL ABLATION","P-WC200-LW","C:\Users\jafari.h\Desktop\ai_project\ConvNeXt_Unet\one_seed_results\ablation\45_fafem_residual_frequency_guided_mscb_stage3_stronger_init_warmup_cosine\seed_42\best_checkpoint.pth","one_seed_results\ablation\45_fafem_residual_frequency_guided_mscb_stage3_stronger_init_warmup_cosine\seed_42\evaluation_summary.json","",""
"one_seed_45_fafem_residual_frequency_guided_mscb_stage3_stronger_init_warmup_cosine","Exp45","42","Kvasir-SEG","mIoU","0.8859581428766251","VALID FOR FINAL ABLATION","P-WC200-LW","C:\Users\jafari.h\Desktop\ai_project\ConvNeXt_Unet\one_seed_results\ablation\45_fafem_residual_frequency_guided_mscb_stage3_stronger_init_warmup_cosine\seed_42\best_checkpoint.pth","one_seed_results\ablation\45_fafem_residual_frequency_guided_mscb_stage3_stronger_init_warmup_cosine\seed_42\evaluation_summary.json","",""
"one_seed_45_fafem_residual_frequency_guided_mscb_stage3_stronger_init_warmup_cosine","Exp45","42","Kvasir-SEG","S_alpha","0.9344751555990665","VALID FOR FINAL ABLATION","P-WC200-LW","C:\Users\jafari.h\Desktop\ai_project\ConvNeXt_Unet\one_seed_results\ablation\45_fafem_residual_frequency_guided_mscb_stage3_stronger_init_warmup_cosine\seed_42\best_checkpoint.pth","one_seed_results\ablation\45_fafem_residual_frequency_guided_mscb_stage3_stronger_init_warmup_cosine\seed_42\evaluation_summary.json","",""
"one_seed_45_fafem_residual_frequency_guided_mscb_stage3_stronger_init_warmup_cosine","Exp45","42","Kvasir-SEG","F_beta_w","0.9144705598039811","VALID FOR FINAL ABLATION","P-WC200-LW","C:\Users\jafari.h\Desktop\ai_project\ConvNeXt_Unet\one_seed_results\ablation\45_fafem_residual_frequency_guided_mscb_stage3_stronger_init_warmup_cosine\seed_42\best_checkpoint.pth","one_seed_results\ablation\45_fafem_residual_frequency_guided_mscb_stage3_stronger_init_warmup_cosine\seed_42\evaluation_summary.json","",""
"one_seed_45_fafem_residual_frequency_guided_mscb_stage3_stronger_init_warmup_cosine","Exp45","42","Kvasir-SEG","maxE_phi","0.9682553553849786","VALID FOR FINAL ABLATION","P-WC200-LW","C:\Users\jafari.h\Desktop\ai_project\ConvNeXt_Unet\one_seed_results\ablation\45_fafem_residual_frequency_guided_mscb_stage3_stronger_init_warmup_cosine\seed_42\best_checkpoint.pth","one_seed_results\ablation\45_fafem_residual_frequency_guided_mscb_stage3_stronger_init_warmup_cosine\seed_42\evaluation_summary.json","",""
"one_seed_45_fafem_residual_frequency_guided_mscb_stage3_stronger_init_warmup_cosine","Exp45","42","Kvasir-SEG","mE_phi","0.9619711949490297","VALID FOR FINAL ABLATION","P-WC200-LW","C:\Users\jafari.h\Desktop\ai_project\ConvNeXt_Unet\one_seed_results\ablation\45_fafem_residual_frequency_guided_mscb_stage3_stronger_init_warmup_cosine\seed_42\best_checkpoint.pth","one_seed_results\ablation\45_fafem_residual_frequency_guided_mscb_stage3_stronger_init_warmup_cosine\seed_42\evaluation_summary.json","",""
"one_seed_45_fafem_residual_frequency_guided_mscb_stage3_stronger_init_warmup_cosine","Exp45","42","Kvasir-SEG","MAE","0.023341814414614106","VALID FOR FINAL ABLATION","P-WC200-LW","C:\Users\jafari.h\Desktop\ai_project\ConvNeXt_Unet\one_seed_results\ablation\45_fafem_residual_frequency_guided_mscb_stage3_stronger_init_warmup_cosine\seed_42\best_checkpoint.pth","one_seed_results\ablation\45_fafem_residual_frequency_guided_mscb_stage3_stronger_init_warmup_cosine\seed_42\evaluation_summary.json","",""
"one_seed_45_fafem_residual_frequency_guided_mscb_stage3_stronger_init_warmup_cosine","Exp45","6543","CVC-300","mDice","0.8802734995905934","VALID FOR FINAL ABLATION","P-WC200-LW","C:\Users\jafari.h\Desktop\ai_project\ConvNeXt_Unet\one_seed_results\ablation\45_fafem_residual_frequency_guided_mscb_stage3_stronger_init_warmup_cosine\seed_6543\best_checkpoint.pth","one_seed_results\ablation\45_fafem_residual_frequency_guided_mscb_stage3_stronger_init_warmup_cosine\seed_6543\evaluation_summary.json","",""
"one_seed_45_fafem_residual_frequency_guided_mscb_stage3_stronger_init_warmup_cosine","Exp45","6543","CVC-300","mIoU","0.8089180355294922","VALID FOR FINAL ABLATION","P-WC200-LW","C:\Users\jafari.h\Desktop\ai_project\ConvNeXt_Unet\one_seed_results\ablation\45_fafem_residual_frequency_guided_mscb_stage3_stronger_init_warmup_cosine\seed_6543\best_checkpoint.pth","one_seed_results\ablation\45_fafem_residual_frequency_guided_mscb_stage3_stronger_init_warmup_cosine\seed_6543\evaluation_summary.json","",""
"one_seed_45_fafem_residual_frequency_guided_mscb_stage3_stronger_init_warmup_cosine","Exp45","6543","CVC-300","S_alpha","0.9245688462813213","VALID FOR FINAL ABLATION","P-WC200-LW","C:\Users\jafari.h\Desktop\ai_project\ConvNeXt_Unet\one_seed_results\ablation\45_fafem_residual_frequency_guided_mscb_stage3_stronger_init_warmup_cosine\seed_6543\best_checkpoint.pth","one_seed_results\ablation\45_fafem_residual_frequency_guided_mscb_stage3_stronger_init_warmup_cosine\seed_6543\evaluation_summary.json","",""
"one_seed_45_fafem_residual_frequency_guided_mscb_stage3_stronger_init_warmup_cosine","Exp45","6543","CVC-300","F_beta_w","0.8566779056072126","VALID FOR FINAL ABLATION","P-WC200-LW","C:\Users\jafari.h\Desktop\ai_project\ConvNeXt_Unet\one_seed_results\ablation\45_fafem_residual_frequency_guided_mscb_stage3_stronger_init_warmup_cosine\seed_6543\best_checkpoint.pth","one_seed_results\ablation\45_fafem_residual_frequency_guided_mscb_stage3_stronger_init_warmup_cosine\seed_6543\evaluation_summary.json","",""
"one_seed_45_fafem_residual_frequency_guided_mscb_stage3_stronger_init_warmup_cosine","Exp45","6543","CVC-300","maxE_phi","0.9694002129349211","VALID FOR FINAL ABLATION","P-WC200-LW","C:\Users\jafari.h\Desktop\ai_project\ConvNeXt_Unet\one_seed_results\ablation\45_fafem_residual_frequency_guided_mscb_stage3_stronger_init_warmup_cosine\seed_6543\best_checkpoint.pth","one_seed_results\ablation\45_fafem_residual_frequency_guided_mscb_stage3_stronger_init_warmup_cosine\seed_6543\evaluation_summary.json","",""
"one_seed_45_fafem_residual_frequency_guided_mscb_stage3_stronger_init_warmup_cosine","Exp45","6543","CVC-300","mE_phi","0.9612379916058669","VALID FOR FINAL ABLATION","P-WC200-LW","C:\Users\jafari.h\Desktop\ai_project\ConvNeXt_Unet\one_seed_results\ablation\45_fafem_residual_frequency_guided_mscb_stage3_stronger_init_warmup_cosine\seed_6543\best_checkpoint.pth","one_seed_results\ablation\45_fafem_residual_frequency_guided_mscb_stage3_stronger_init_warmup_cosine\seed_6543\evaluation_summary.json","",""
"one_seed_45_fafem_residual_frequency_guided_mscb_stage3_stronger_init_warmup_cosine","Exp45","6543","CVC-300","MAE","0.007192363959533144","VALID FOR FINAL ABLATION","P-WC200-LW","C:\Users\jafari.h\Desktop\ai_project\ConvNeXt_Unet\one_seed_results\ablation\45_fafem_residual_frequency_guided_mscb_stage3_stronger_init_warmup_cosine\seed_6543\best_checkpoint.pth","one_seed_results\ablation\45_fafem_residual_frequency_guided_mscb_stage3_stronger_init_warmup_cosine\seed_6543\evaluation_summary.json","",""
"one_seed_45_fafem_residual_frequency_guided_mscb_stage3_stronger_init_warmup_cosine","Exp45","6543","CVC-ClinicDB","mDice","0.9386166103424565","VALID FOR FINAL ABLATION","P-WC200-LW","C:\Users\jafari.h\Desktop\ai_project\ConvNeXt_Unet\one_seed_results\ablation\45_fafem_residual_frequency_guided_mscb_stage3_stronger_init_warmup_cosine\seed_6543\best_checkpoint.pth","one_seed_results\ablation\45_fafem_residual_frequency_guided_mscb_stage3_stronger_init_warmup_cosine\seed_6543\evaluation_summary.json","",""
"one_seed_45_fafem_residual_frequency_guided_mscb_stage3_stronger_init_warmup_cosine","Exp45","6543","CVC-ClinicDB","mIoU","0.8903237826401188","VALID FOR FINAL ABLATION","P-WC200-LW","C:\Users\jafari.h\Desktop\ai_project\ConvNeXt_Unet\one_seed_results\ablation\45_fafem_residual_frequency_guided_mscb_stage3_stronger_init_warmup_cosine\seed_6543\best_checkpoint.pth","one_seed_results\ablation\45_fafem_residual_frequency_guided_mscb_stage3_stronger_init_warmup_cosine\seed_6543\evaluation_summary.json","",""
"one_seed_45_fafem_residual_frequency_guided_mscb_stage3_stronger_init_warmup_cosine","Exp45","6543","CVC-ClinicDB","S_alpha","0.9473448506433803","VALID FOR FINAL ABLATION","P-WC200-LW","C:\Users\jafari.h\Desktop\ai_project\ConvNeXt_Unet\one_seed_results\ablation\45_fafem_residual_frequency_guided_mscb_stage3_stronger_init_warmup_cosine\seed_6543\best_checkpoint.pth","one_seed_results\ablation\45_fafem_residual_frequency_guided_mscb_stage3_stronger_init_warmup_cosine\seed_6543\evaluation_summary.json","",""
"one_seed_45_fafem_residual_frequency_guided_mscb_stage3_stronger_init_warmup_cosine","Exp45","6543","CVC-ClinicDB","F_beta_w","0.9265440498883705","VALID FOR FINAL ABLATION","P-WC200-LW","C:\Users\jafari.h\Desktop\ai_project\ConvNeXt_Unet\one_seed_results\ablation\45_fafem_residual_frequency_guided_mscb_stage3_stronger_init_warmup_cosine\seed_6543\best_checkpoint.pth","one_seed_results\ablation\45_fafem_residual_frequency_guided_mscb_stage3_stronger_init_warmup_cosine\seed_6543\evaluation_summary.json","",""
"one_seed_45_fafem_residual_frequency_guided_mscb_stage3_stronger_init_warmup_cosine","Exp45","6543","CVC-ClinicDB","maxE_phi","0.9831352009462185","VALID FOR FINAL ABLATION","P-WC200-LW","C:\Users\jafari.h\Desktop\ai_project\ConvNeXt_Unet\one_seed_results\ablation\45_fafem_residual_frequency_guided_mscb_stage3_stronger_init_warmup_cosine\seed_6543\best_checkpoint.pth","one_seed_results\ablation\45_fafem_residual_frequency_guided_mscb_stage3_stronger_init_warmup_cosine\seed_6543\evaluation_summary.json","",""
"one_seed_45_fafem_residual_frequency_guided_mscb_stage3_stronger_init_warmup_cosine","Exp45","6543","CVC-ClinicDB","mE_phi","0.9781056019815484","VALID FOR FINAL ABLATION","P-WC200-LW","C:\Users\jafari.h\Desktop\ai_project\ConvNeXt_Unet\one_seed_results\ablation\45_fafem_residual_frequency_guided_mscb_stage3_stronger_init_warmup_cosine\seed_6543\best_checkpoint.pth","one_seed_results\ablation\45_fafem_residual_frequency_guided_mscb_stage3_stronger_init_warmup_cosine\seed_6543\evaluation_summary.json","",""
"one_seed_45_fafem_residual_frequency_guided_mscb_stage3_stronger_init_warmup_cosine","Exp45","6543","CVC-ClinicDB","MAE","0.01061246487485227","VALID FOR FINAL ABLATION","P-WC200-LW","C:\Users\jafari.h\Desktop\ai_project\ConvNeXt_Unet\one_seed_results\ablation\45_fafem_residual_frequency_guided_mscb_stage3_stronger_init_warmup_cosine\seed_6543\best_checkpoint.pth","one_seed_results\ablation\45_fafem_residual_frequency_guided_mscb_stage3_stronger_init_warmup_cosine\seed_6543\evaluation_summary.json","",""
"one_seed_45_fafem_residual_frequency_guided_mscb_stage3_stronger_init_warmup_cosine","Exp45","6543","CVC-ColonDB","mDice","0.785734231551095","VALID FOR FINAL ABLATION","P-WC200-LW","C:\Users\jafari.h\Desktop\ai_project\ConvNeXt_Unet\one_seed_results\ablation\45_fafem_residual_frequency_guided_mscb_stage3_stronger_init_warmup_cosine\seed_6543\best_checkpoint.pth","one_seed_results\ablation\45_fafem_residual_frequency_guided_mscb_stage3_stronger_init_warmup_cosine\seed_6543\evaluation_summary.json","",""
"one_seed_45_fafem_residual_frequency_guided_mscb_stage3_stronger_init_warmup_cosine","Exp45","6543","CVC-ColonDB","mIoU","0.7051667162676212","VALID FOR FINAL ABLATION","P-WC200-LW","C:\Users\jafari.h\Desktop\ai_project\ConvNeXt_Unet\one_seed_results\ablation\45_fafem_residual_frequency_guided_mscb_stage3_stronger_init_warmup_cosine\seed_6543\best_checkpoint.pth","one_seed_results\ablation\45_fafem_residual_frequency_guided_mscb_stage3_stronger_init_warmup_cosine\seed_6543\evaluation_summary.json","",""
"one_seed_45_fafem_residual_frequency_guided_mscb_stage3_stronger_init_warmup_cosine","Exp45","6543","CVC-ColonDB","S_alpha","0.8547755627091559","VALID FOR FINAL ABLATION","P-WC200-LW","C:\Users\jafari.h\Desktop\ai_project\ConvNeXt_Unet\one_seed_results\ablation\45_fafem_residual_frequency_guided_mscb_stage3_stronger_init_warmup_cosine\seed_6543\best_checkpoint.pth","one_seed_results\ablation\45_fafem_residual_frequency_guided_mscb_stage3_stronger_init_warmup_cosine\seed_6543\evaluation_summary.json","",""
"one_seed_45_fafem_residual_frequency_guided_mscb_stage3_stronger_init_warmup_cosine","Exp45","6543","CVC-ColonDB","F_beta_w","0.7647298547655964","VALID FOR FINAL ABLATION","P-WC200-LW","C:\Users\jafari.h\Desktop\ai_project\ConvNeXt_Unet\one_seed_results\ablation\45_fafem_residual_frequency_guided_mscb_stage3_stronger_init_warmup_cosine\seed_6543\best_checkpoint.pth","one_seed_results\ablation\45_fafem_residual_frequency_guided_mscb_stage3_stronger_init_warmup_cosine\seed_6543\evaluation_summary.json","",""
"one_seed_45_fafem_residual_frequency_guided_mscb_stage3_stronger_init_warmup_cosine","Exp45","6543","CVC-ColonDB","maxE_phi","0.9019011873243833","VALID FOR FINAL ABLATION","P-WC200-LW","C:\Users\jafari.h\Desktop\ai_project\ConvNeXt_Unet\one_seed_results\ablation\45_fafem_residual_frequency_guided_mscb_stage3_stronger_init_warmup_cosine\seed_6543\best_checkpoint.pth","one_seed_results\ablation\45_fafem_residual_frequency_guided_mscb_stage3_stronger_init_warmup_cosine\seed_6543\evaluation_summary.json","",""
"one_seed_45_fafem_residual_frequency_guided_mscb_stage3_stronger_init_warmup_cosine","Exp45","6543","CVC-ColonDB","mE_phi","0.8953474732268343","VALID FOR FINAL ABLATION","P-WC200-LW","C:\Users\jafari.h\Desktop\ai_project\ConvNeXt_Unet\one_seed_results\ablation\45_fafem_residual_frequency_guided_mscb_stage3_stronger_init_warmup_cosine\seed_6543\best_checkpoint.pth","one_seed_results\ablation\45_fafem_residual_frequency_guided_mscb_stage3_stronger_init_warmup_cosine\seed_6543\evaluation_summary.json","",""
"one_seed_45_fafem_residual_frequency_guided_mscb_stage3_stronger_init_warmup_cosine","Exp45","6543","CVC-ColonDB","MAE","0.03575145989307466","VALID FOR FINAL ABLATION","P-WC200-LW","C:\Users\jafari.h\Desktop\ai_project\ConvNeXt_Unet\one_seed_results\ablation\45_fafem_residual_frequency_guided_mscb_stage3_stronger_init_warmup_cosine\seed_6543\best_checkpoint.pth","one_seed_results\ablation\45_fafem_residual_frequency_guided_mscb_stage3_stronger_init_warmup_cosine\seed_6543\evaluation_summary.json","",""
"one_seed_45_fafem_residual_frequency_guided_mscb_stage3_stronger_init_warmup_cosine","Exp45","6543","ETIS-LaribPolypDB","mDice","0.7876520139138171","VALID FOR FINAL ABLATION","P-WC200-LW","C:\Users\jafari.h\Desktop\ai_project\ConvNeXt_Unet\one_seed_results\ablation\45_fafem_residual_frequency_guided_mscb_stage3_stronger_init_warmup_cosine\seed_6543\best_checkpoint.pth","one_seed_results\ablation\45_fafem_residual_frequency_guided_mscb_stage3_stronger_init_warmup_cosine\seed_6543\evaluation_summary.json","",""
"one_seed_45_fafem_residual_frequency_guided_mscb_stage3_stronger_init_warmup_cosine","Exp45","6543","ETIS-LaribPolypDB","mIoU","0.707034111331952","VALID FOR FINAL ABLATION","P-WC200-LW","C:\Users\jafari.h\Desktop\ai_project\ConvNeXt_Unet\one_seed_results\ablation\45_fafem_residual_frequency_guided_mscb_stage3_stronger_init_warmup_cosine\seed_6543\best_checkpoint.pth","one_seed_results\ablation\45_fafem_residual_frequency_guided_mscb_stage3_stronger_init_warmup_cosine\seed_6543\evaluation_summary.json","",""
"one_seed_45_fafem_residual_frequency_guided_mscb_stage3_stronger_init_warmup_cosine","Exp45","6543","ETIS-LaribPolypDB","S_alpha","0.8766077971778613","VALID FOR FINAL ABLATION","P-WC200-LW","C:\Users\jafari.h\Desktop\ai_project\ConvNeXt_Unet\one_seed_results\ablation\45_fafem_residual_frequency_guided_mscb_stage3_stronger_init_warmup_cosine\seed_6543\best_checkpoint.pth","one_seed_results\ablation\45_fafem_residual_frequency_guided_mscb_stage3_stronger_init_warmup_cosine\seed_6543\evaluation_summary.json","",""
"one_seed_45_fafem_residual_frequency_guided_mscb_stage3_stronger_init_warmup_cosine","Exp45","6543","ETIS-LaribPolypDB","F_beta_w","0.7499312295928195","VALID FOR FINAL ABLATION","P-WC200-LW","C:\Users\jafari.h\Desktop\ai_project\ConvNeXt_Unet\one_seed_results\ablation\45_fafem_residual_frequency_guided_mscb_stage3_stronger_init_warmup_cosine\seed_6543\best_checkpoint.pth","one_seed_results\ablation\45_fafem_residual_frequency_guided_mscb_stage3_stronger_init_warmup_cosine\seed_6543\evaluation_summary.json","",""
"one_seed_45_fafem_residual_frequency_guided_mscb_stage3_stronger_init_warmup_cosine","Exp45","6543","ETIS-LaribPolypDB","maxE_phi","0.9170495063477783","VALID FOR FINAL ABLATION","P-WC200-LW","C:\Users\jafari.h\Desktop\ai_project\ConvNeXt_Unet\one_seed_results\ablation\45_fafem_residual_frequency_guided_mscb_stage3_stronger_init_warmup_cosine\seed_6543\best_checkpoint.pth","one_seed_results\ablation\45_fafem_residual_frequency_guided_mscb_stage3_stronger_init_warmup_cosine\seed_6543\evaluation_summary.json","",""
"one_seed_45_fafem_residual_frequency_guided_mscb_stage3_stronger_init_warmup_cosine","Exp45","6543","ETIS-LaribPolypDB","mE_phi","0.9023625479576283","VALID FOR FINAL ABLATION","P-WC200-LW","C:\Users\jafari.h\Desktop\ai_project\ConvNeXt_Unet\one_seed_results\ablation\45_fafem_residual_frequency_guided_mscb_stage3_stronger_init_warmup_cosine\seed_6543\best_checkpoint.pth","one_seed_results\ablation\45_fafem_residual_frequency_guided_mscb_stage3_stronger_init_warmup_cosine\seed_6543\evaluation_summary.json","",""
"one_seed_45_fafem_residual_frequency_guided_mscb_stage3_stronger_init_warmup_cosine","Exp45","6543","ETIS-LaribPolypDB","MAE","0.015296731778319089","VALID FOR FINAL ABLATION","P-WC200-LW","C:\Users\jafari.h\Desktop\ai_project\ConvNeXt_Unet\one_seed_results\ablation\45_fafem_residual_frequency_guided_mscb_stage3_stronger_init_warmup_cosine\seed_6543\best_checkpoint.pth","one_seed_results\ablation\45_fafem_residual_frequency_guided_mscb_stage3_stronger_init_warmup_cosine\seed_6543\evaluation_summary.json","",""
"one_seed_45_fafem_residual_frequency_guided_mscb_stage3_stronger_init_warmup_cosine","Exp45","6543","Kvasir-SEG","mDice","0.9261860054731369","VALID FOR FINAL ABLATION","P-WC200-LW","C:\Users\jafari.h\Desktop\ai_project\ConvNeXt_Unet\one_seed_results\ablation\45_fafem_residual_frequency_guided_mscb_stage3_stronger_init_warmup_cosine\seed_6543\best_checkpoint.pth","one_seed_results\ablation\45_fafem_residual_frequency_guided_mscb_stage3_stronger_init_warmup_cosine\seed_6543\evaluation_summary.json","",""
"one_seed_45_fafem_residual_frequency_guided_mscb_stage3_stronger_init_warmup_cosine","Exp45","6543","Kvasir-SEG","mIoU","0.8754633015394211","VALID FOR FINAL ABLATION","P-WC200-LW","C:\Users\jafari.h\Desktop\ai_project\ConvNeXt_Unet\one_seed_results\ablation\45_fafem_residual_frequency_guided_mscb_stage3_stronger_init_warmup_cosine\seed_6543\best_checkpoint.pth","one_seed_results\ablation\45_fafem_residual_frequency_guided_mscb_stage3_stronger_init_warmup_cosine\seed_6543\evaluation_summary.json","",""
"one_seed_45_fafem_residual_frequency_guided_mscb_stage3_stronger_init_warmup_cosine","Exp45","6543","Kvasir-SEG","S_alpha","0.9301034861073393","VALID FOR FINAL ABLATION","P-WC200-LW","C:\Users\jafari.h\Desktop\ai_project\ConvNeXt_Unet\one_seed_results\ablation\45_fafem_residual_frequency_guided_mscb_stage3_stronger_init_warmup_cosine\seed_6543\best_checkpoint.pth","one_seed_results\ablation\45_fafem_residual_frequency_guided_mscb_stage3_stronger_init_warmup_cosine\seed_6543\evaluation_summary.json","",""
"one_seed_45_fafem_residual_frequency_guided_mscb_stage3_stronger_init_warmup_cosine","Exp45","6543","Kvasir-SEG","F_beta_w","0.9051534626564827","VALID FOR FINAL ABLATION","P-WC200-LW","C:\Users\jafari.h\Desktop\ai_project\ConvNeXt_Unet\one_seed_results\ablation\45_fafem_residual_frequency_guided_mscb_stage3_stronger_init_warmup_cosine\seed_6543\best_checkpoint.pth","one_seed_results\ablation\45_fafem_residual_frequency_guided_mscb_stage3_stronger_init_warmup_cosine\seed_6543\evaluation_summary.json","",""
"one_seed_45_fafem_residual_frequency_guided_mscb_stage3_stronger_init_warmup_cosine","Exp45","6543","Kvasir-SEG","maxE_phi","0.963441650479489","VALID FOR FINAL ABLATION","P-WC200-LW","C:\Users\jafari.h\Desktop\ai_project\ConvNeXt_Unet\one_seed_results\ablation\45_fafem_residual_frequency_guided_mscb_stage3_stronger_init_warmup_cosine\seed_6543\best_checkpoint.pth","one_seed_results\ablation\45_fafem_residual_frequency_guided_mscb_stage3_stronger_init_warmup_cosine\seed_6543\evaluation_summary.json","",""
"one_seed_45_fafem_residual_frequency_guided_mscb_stage3_stronger_init_warmup_cosine","Exp45","6543","Kvasir-SEG","mE_phi","0.9570724506819553","VALID FOR FINAL ABLATION","P-WC200-LW","C:\Users\jafari.h\Desktop\ai_project\ConvNeXt_Unet\one_seed_results\ablation\45_fafem_residual_frequency_guided_mscb_stage3_stronger_init_warmup_cosine\seed_6543\best_checkpoint.pth","one_seed_results\ablation\45_fafem_residual_frequency_guided_mscb_stage3_stronger_init_warmup_cosine\seed_6543\evaluation_summary.json","",""
"one_seed_45_fafem_residual_frequency_guided_mscb_stage3_stronger_init_warmup_cosine","Exp45","6543","Kvasir-SEG","MAE","0.024753610682082546","VALID FOR FINAL ABLATION","P-WC200-LW","C:\Users\jafari.h\Desktop\ai_project\ConvNeXt_Unet\one_seed_results\ablation\45_fafem_residual_frequency_guided_mscb_stage3_stronger_init_warmup_cosine\seed_6543\best_checkpoint.pth","one_seed_results\ablation\45_fafem_residual_frequency_guided_mscb_stage3_stronger_init_warmup_cosine\seed_6543\evaluation_summary.json","",""
"one_seed_45_fafem_residual_frequency_guided_mscb_stage3_stronger_init_warmup_cosine","Exp45","7777","CVC-300","mDice","0.8828153133392334","VALID FOR FINAL ABLATION","P-WC200-LW","C:\Users\jafari.h\Desktop\ai_project\ConvNeXt_Unet\one_seed_results\ablation\45_fafem_residual_frequency_guided_mscb_stage3_stronger_init_warmup_cosine\seed_7777\best_checkpoint.pth","one_seed_results\ablation\45_fafem_residual_frequency_guided_mscb_stage3_stronger_init_warmup_cosine\seed_7777\evaluation_summary.json","",""
"one_seed_45_fafem_residual_frequency_guided_mscb_stage3_stronger_init_warmup_cosine","Exp45","7777","CVC-300","mIoU","0.8099318328003089","VALID FOR FINAL ABLATION","P-WC200-LW","C:\Users\jafari.h\Desktop\ai_project\ConvNeXt_Unet\one_seed_results\ablation\45_fafem_residual_frequency_guided_mscb_stage3_stronger_init_warmup_cosine\seed_7777\best_checkpoint.pth","one_seed_results\ablation\45_fafem_residual_frequency_guided_mscb_stage3_stronger_init_warmup_cosine\seed_7777\evaluation_summary.json","",""
"one_seed_45_fafem_residual_frequency_guided_mscb_stage3_stronger_init_warmup_cosine","Exp45","7777","CVC-300","S_alpha","0.9300093527776916","VALID FOR FINAL ABLATION","P-WC200-LW","C:\Users\jafari.h\Desktop\ai_project\ConvNeXt_Unet\one_seed_results\ablation\45_fafem_residual_frequency_guided_mscb_stage3_stronger_init_warmup_cosine\seed_7777\best_checkpoint.pth","one_seed_results\ablation\45_fafem_residual_frequency_guided_mscb_stage3_stronger_init_warmup_cosine\seed_7777\evaluation_summary.json","",""
"one_seed_45_fafem_residual_frequency_guided_mscb_stage3_stronger_init_warmup_cosine","Exp45","7777","CVC-300","F_beta_w","0.8563592557233689","VALID FOR FINAL ABLATION","P-WC200-LW","C:\Users\jafari.h\Desktop\ai_project\ConvNeXt_Unet\one_seed_results\ablation\45_fafem_residual_frequency_guided_mscb_stage3_stronger_init_warmup_cosine\seed_7777\best_checkpoint.pth","one_seed_results\ablation\45_fafem_residual_frequency_guided_mscb_stage3_stronger_init_warmup_cosine\seed_7777\evaluation_summary.json","",""
"one_seed_45_fafem_residual_frequency_guided_mscb_stage3_stronger_init_warmup_cosine","Exp45","7777","CVC-300","maxE_phi","0.9722654767850537","VALID FOR FINAL ABLATION","P-WC200-LW","C:\Users\jafari.h\Desktop\ai_project\ConvNeXt_Unet\one_seed_results\ablation\45_fafem_residual_frequency_guided_mscb_stage3_stronger_init_warmup_cosine\seed_7777\best_checkpoint.pth","one_seed_results\ablation\45_fafem_residual_frequency_guided_mscb_stage3_stronger_init_warmup_cosine\seed_7777\evaluation_summary.json","",""
"one_seed_45_fafem_residual_frequency_guided_mscb_stage3_stronger_init_warmup_cosine","Exp45","7777","CVC-300","mE_phi","0.953544604157447","VALID FOR FINAL ABLATION","P-WC200-LW","C:\Users\jafari.h\Desktop\ai_project\ConvNeXt_Unet\one_seed_results\ablation\45_fafem_residual_frequency_guided_mscb_stage3_stronger_init_warmup_cosine\seed_7777\best_checkpoint.pth","one_seed_results\ablation\45_fafem_residual_frequency_guided_mscb_stage3_stronger_init_warmup_cosine\seed_7777\evaluation_summary.json","",""
"one_seed_45_fafem_residual_frequency_guided_mscb_stage3_stronger_init_warmup_cosine","Exp45","7777","CVC-300","MAE","0.007244565494613728","VALID FOR FINAL ABLATION","P-WC200-LW","C:\Users\jafari.h\Desktop\ai_project\ConvNeXt_Unet\one_seed_results\ablation\45_fafem_residual_frequency_guided_mscb_stage3_stronger_init_warmup_cosine\seed_7777\best_checkpoint.pth","one_seed_results\ablation\45_fafem_residual_frequency_guided_mscb_stage3_stronger_init_warmup_cosine\seed_7777\evaluation_summary.json","",""
"one_seed_45_fafem_residual_frequency_guided_mscb_stage3_stronger_init_warmup_cosine","Exp45","7777","CVC-ClinicDB","mDice","0.9382337336578677","VALID FOR FINAL ABLATION","P-WC200-LW","C:\Users\jafari.h\Desktop\ai_project\ConvNeXt_Unet\one_seed_results\ablation\45_fafem_residual_frequency_guided_mscb_stage3_stronger_init_warmup_cosine\seed_7777\best_checkpoint.pth","one_seed_results\ablation\45_fafem_residual_frequency_guided_mscb_stage3_stronger_init_warmup_cosine\seed_7777\evaluation_summary.json","",""
"one_seed_45_fafem_residual_frequency_guided_mscb_stage3_stronger_init_warmup_cosine","Exp45","7777","CVC-ClinicDB","mIoU","0.889474856276666","VALID FOR FINAL ABLATION","P-WC200-LW","C:\Users\jafari.h\Desktop\ai_project\ConvNeXt_Unet\one_seed_results\ablation\45_fafem_residual_frequency_guided_mscb_stage3_stronger_init_warmup_cosine\seed_7777\best_checkpoint.pth","one_seed_results\ablation\45_fafem_residual_frequency_guided_mscb_stage3_stronger_init_warmup_cosine\seed_7777\evaluation_summary.json","",""
"one_seed_45_fafem_residual_frequency_guided_mscb_stage3_stronger_init_warmup_cosine","Exp45","7777","CVC-ClinicDB","S_alpha","0.947319567505135","VALID FOR FINAL ABLATION","P-WC200-LW","C:\Users\jafari.h\Desktop\ai_project\ConvNeXt_Unet\one_seed_results\ablation\45_fafem_residual_frequency_guided_mscb_stage3_stronger_init_warmup_cosine\seed_7777\best_checkpoint.pth","one_seed_results\ablation\45_fafem_residual_frequency_guided_mscb_stage3_stronger_init_warmup_cosine\seed_7777\evaluation_summary.json","",""
"one_seed_45_fafem_residual_frequency_guided_mscb_stage3_stronger_init_warmup_cosine","Exp45","7777","CVC-ClinicDB","F_beta_w","0.9273374863441647","VALID FOR FINAL ABLATION","P-WC200-LW","C:\Users\jafari.h\Desktop\ai_project\ConvNeXt_Unet\one_seed_results\ablation\45_fafem_residual_frequency_guided_mscb_stage3_stronger_init_warmup_cosine\seed_7777\best_checkpoint.pth","one_seed_results\ablation\45_fafem_residual_frequency_guided_mscb_stage3_stronger_init_warmup_cosine\seed_7777\evaluation_summary.json","",""
"one_seed_45_fafem_residual_frequency_guided_mscb_stage3_stronger_init_warmup_cosine","Exp45","7777","CVC-ClinicDB","maxE_phi","0.9825967638266162","VALID FOR FINAL ABLATION","P-WC200-LW","C:\Users\jafari.h\Desktop\ai_project\ConvNeXt_Unet\one_seed_results\ablation\45_fafem_residual_frequency_guided_mscb_stage3_stronger_init_warmup_cosine\seed_7777\best_checkpoint.pth","one_seed_results\ablation\45_fafem_residual_frequency_guided_mscb_stage3_stronger_init_warmup_cosine\seed_7777\evaluation_summary.json","",""
"one_seed_45_fafem_residual_frequency_guided_mscb_stage3_stronger_init_warmup_cosine","Exp45","7777","CVC-ClinicDB","mE_phi","0.9778710427328636","VALID FOR FINAL ABLATION","P-WC200-LW","C:\Users\jafari.h\Desktop\ai_project\ConvNeXt_Unet\one_seed_results\ablation\45_fafem_residual_frequency_guided_mscb_stage3_stronger_init_warmup_cosine\seed_7777\best_checkpoint.pth","one_seed_results\ablation\45_fafem_residual_frequency_guided_mscb_stage3_stronger_init_warmup_cosine\seed_7777\evaluation_summary.json","",""
"one_seed_45_fafem_residual_frequency_guided_mscb_stage3_stronger_init_warmup_cosine","Exp45","7777","CVC-ClinicDB","MAE","0.010862173753337695","VALID FOR FINAL ABLATION","P-WC200-LW","C:\Users\jafari.h\Desktop\ai_project\ConvNeXt_Unet\one_seed_results\ablation\45_fafem_residual_frequency_guided_mscb_stage3_stronger_init_warmup_cosine\seed_7777\best_checkpoint.pth","one_seed_results\ablation\45_fafem_residual_frequency_guided_mscb_stage3_stronger_init_warmup_cosine\seed_7777\evaluation_summary.json","",""
"one_seed_45_fafem_residual_frequency_guided_mscb_stage3_stronger_init_warmup_cosine","Exp45","7777","CVC-ColonDB","mDice","0.7938691594312026","VALID FOR FINAL ABLATION","P-WC200-LW","C:\Users\jafari.h\Desktop\ai_project\ConvNeXt_Unet\one_seed_results\ablation\45_fafem_residual_frequency_guided_mscb_stage3_stronger_init_warmup_cosine\seed_7777\best_checkpoint.pth","one_seed_results\ablation\45_fafem_residual_frequency_guided_mscb_stage3_stronger_init_warmup_cosine\seed_7777\evaluation_summary.json","",""
"one_seed_45_fafem_residual_frequency_guided_mscb_stage3_stronger_init_warmup_cosine","Exp45","7777","CVC-ColonDB","mIoU","0.7150217147420317","VALID FOR FINAL ABLATION","P-WC200-LW","C:\Users\jafari.h\Desktop\ai_project\ConvNeXt_Unet\one_seed_results\ablation\45_fafem_residual_frequency_guided_mscb_stage3_stronger_init_warmup_cosine\seed_7777\best_checkpoint.pth","one_seed_results\ablation\45_fafem_residual_frequency_guided_mscb_stage3_stronger_init_warmup_cosine\seed_7777\evaluation_summary.json","",""
"one_seed_45_fafem_residual_frequency_guided_mscb_stage3_stronger_init_warmup_cosine","Exp45","7777","CVC-ColonDB","S_alpha","0.8623815326311447","VALID FOR FINAL ABLATION","P-WC200-LW","C:\Users\jafari.h\Desktop\ai_project\ConvNeXt_Unet\one_seed_results\ablation\45_fafem_residual_frequency_guided_mscb_stage3_stronger_init_warmup_cosine\seed_7777\best_checkpoint.pth","one_seed_results\ablation\45_fafem_residual_frequency_guided_mscb_stage3_stronger_init_warmup_cosine\seed_7777\evaluation_summary.json","",""
"one_seed_45_fafem_residual_frequency_guided_mscb_stage3_stronger_init_warmup_cosine","Exp45","7777","CVC-ColonDB","F_beta_w","0.7720174220550945","VALID FOR FINAL ABLATION","P-WC200-LW","C:\Users\jafari.h\Desktop\ai_project\ConvNeXt_Unet\one_seed_results\ablation\45_fafem_residual_frequency_guided_mscb_stage3_stronger_init_warmup_cosine\seed_7777\best_checkpoint.pth","one_seed_results\ablation\45_fafem_residual_frequency_guided_mscb_stage3_stronger_init_warmup_cosine\seed_7777\evaluation_summary.json","",""
"one_seed_45_fafem_residual_frequency_guided_mscb_stage3_stronger_init_warmup_cosine","Exp45","7777","CVC-ColonDB","maxE_phi","0.904029240182496","VALID FOR FINAL ABLATION","P-WC200-LW","C:\Users\jafari.h\Desktop\ai_project\ConvNeXt_Unet\one_seed_results\ablation\45_fafem_residual_frequency_guided_mscb_stage3_stronger_init_warmup_cosine\seed_7777\best_checkpoint.pth","one_seed_results\ablation\45_fafem_residual_frequency_guided_mscb_stage3_stronger_init_warmup_cosine\seed_7777\evaluation_summary.json","",""
"one_seed_45_fafem_residual_frequency_guided_mscb_stage3_stronger_init_warmup_cosine","Exp45","7777","CVC-ColonDB","mE_phi","0.8967182485557823","VALID FOR FINAL ABLATION","P-WC200-LW","C:\Users\jafari.h\Desktop\ai_project\ConvNeXt_Unet\one_seed_results\ablation\45_fafem_residual_frequency_guided_mscb_stage3_stronger_init_warmup_cosine\seed_7777\best_checkpoint.pth","one_seed_results\ablation\45_fafem_residual_frequency_guided_mscb_stage3_stronger_init_warmup_cosine\seed_7777\evaluation_summary.json","",""
"one_seed_45_fafem_residual_frequency_guided_mscb_stage3_stronger_init_warmup_cosine","Exp45","7777","CVC-ColonDB","MAE","0.03511685134902776","VALID FOR FINAL ABLATION","P-WC200-LW","C:\Users\jafari.h\Desktop\ai_project\ConvNeXt_Unet\one_seed_results\ablation\45_fafem_residual_frequency_guided_mscb_stage3_stronger_init_warmup_cosine\seed_7777\best_checkpoint.pth","one_seed_results\ablation\45_fafem_residual_frequency_guided_mscb_stage3_stronger_init_warmup_cosine\seed_7777\evaluation_summary.json","",""
"one_seed_45_fafem_residual_frequency_guided_mscb_stage3_stronger_init_warmup_cosine","Exp45","7777","ETIS-LaribPolypDB","mDice","0.7753183095908501","VALID FOR FINAL ABLATION","P-WC200-LW","C:\Users\jafari.h\Desktop\ai_project\ConvNeXt_Unet\one_seed_results\ablation\45_fafem_residual_frequency_guided_mscb_stage3_stronger_init_warmup_cosine\seed_7777\best_checkpoint.pth","one_seed_results\ablation\45_fafem_residual_frequency_guided_mscb_stage3_stronger_init_warmup_cosine\seed_7777\evaluation_summary.json","",""
"one_seed_45_fafem_residual_frequency_guided_mscb_stage3_stronger_init_warmup_cosine","Exp45","7777","ETIS-LaribPolypDB","mIoU","0.6951255160880546","VALID FOR FINAL ABLATION","P-WC200-LW","C:\Users\jafari.h\Desktop\ai_project\ConvNeXt_Unet\one_seed_results\ablation\45_fafem_residual_frequency_guided_mscb_stage3_stronger_init_warmup_cosine\seed_7777\best_checkpoint.pth","one_seed_results\ablation\45_fafem_residual_frequency_guided_mscb_stage3_stronger_init_warmup_cosine\seed_7777\evaluation_summary.json","",""
"one_seed_45_fafem_residual_frequency_guided_mscb_stage3_stronger_init_warmup_cosine","Exp45","7777","ETIS-LaribPolypDB","S_alpha","0.875166626433332","VALID FOR FINAL ABLATION","P-WC200-LW","C:\Users\jafari.h\Desktop\ai_project\ConvNeXt_Unet\one_seed_results\ablation\45_fafem_residual_frequency_guided_mscb_stage3_stronger_init_warmup_cosine\seed_7777\best_checkpoint.pth","one_seed_results\ablation\45_fafem_residual_frequency_guided_mscb_stage3_stronger_init_warmup_cosine\seed_7777\evaluation_summary.json","",""
"one_seed_45_fafem_residual_frequency_guided_mscb_stage3_stronger_init_warmup_cosine","Exp45","7777","ETIS-LaribPolypDB","F_beta_w","0.7478923084210506","VALID FOR FINAL ABLATION","P-WC200-LW","C:\Users\jafari.h\Desktop\ai_project\ConvNeXt_Unet\one_seed_results\ablation\45_fafem_residual_frequency_guided_mscb_stage3_stronger_init_warmup_cosine\seed_7777\best_checkpoint.pth","one_seed_results\ablation\45_fafem_residual_frequency_guided_mscb_stage3_stronger_init_warmup_cosine\seed_7777\evaluation_summary.json","",""
"one_seed_45_fafem_residual_frequency_guided_mscb_stage3_stronger_init_warmup_cosine","Exp45","7777","ETIS-LaribPolypDB","maxE_phi","0.9124265129451266","VALID FOR FINAL ABLATION","P-WC200-LW","C:\Users\jafari.h\Desktop\ai_project\ConvNeXt_Unet\one_seed_results\ablation\45_fafem_residual_frequency_guided_mscb_stage3_stronger_init_warmup_cosine\seed_7777\best_checkpoint.pth","one_seed_results\ablation\45_fafem_residual_frequency_guided_mscb_stage3_stronger_init_warmup_cosine\seed_7777\evaluation_summary.json","",""
"one_seed_45_fafem_residual_frequency_guided_mscb_stage3_stronger_init_warmup_cosine","Exp45","7777","ETIS-LaribPolypDB","mE_phi","0.9000450007333838","VALID FOR FINAL ABLATION","P-WC200-LW","C:\Users\jafari.h\Desktop\ai_project\ConvNeXt_Unet\one_seed_results\ablation\45_fafem_residual_frequency_guided_mscb_stage3_stronger_init_warmup_cosine\seed_7777\best_checkpoint.pth","one_seed_results\ablation\45_fafem_residual_frequency_guided_mscb_stage3_stronger_init_warmup_cosine\seed_7777\evaluation_summary.json","",""
"one_seed_45_fafem_residual_frequency_guided_mscb_stage3_stronger_init_warmup_cosine","Exp45","7777","ETIS-LaribPolypDB","MAE","0.013750117635777796","VALID FOR FINAL ABLATION","P-WC200-LW","C:\Users\jafari.h\Desktop\ai_project\ConvNeXt_Unet\one_seed_results\ablation\45_fafem_residual_frequency_guided_mscb_stage3_stronger_init_warmup_cosine\seed_7777\best_checkpoint.pth","one_seed_results\ablation\45_fafem_residual_frequency_guided_mscb_stage3_stronger_init_warmup_cosine\seed_7777\evaluation_summary.json","",""
"one_seed_45_fafem_residual_frequency_guided_mscb_stage3_stronger_init_warmup_cosine","Exp45","7777","Kvasir-SEG","mDice","0.9340962564945221","VALID FOR FINAL ABLATION","P-WC200-LW","C:\Users\jafari.h\Desktop\ai_project\ConvNeXt_Unet\one_seed_results\ablation\45_fafem_residual_frequency_guided_mscb_stage3_stronger_init_warmup_cosine\seed_7777\best_checkpoint.pth","one_seed_results\ablation\45_fafem_residual_frequency_guided_mscb_stage3_stronger_init_warmup_cosine\seed_7777\evaluation_summary.json","",""
"one_seed_45_fafem_residual_frequency_guided_mscb_stage3_stronger_init_warmup_cosine","Exp45","7777","Kvasir-SEG","mIoU","0.8863615426421165","VALID FOR FINAL ABLATION","P-WC200-LW","C:\Users\jafari.h\Desktop\ai_project\ConvNeXt_Unet\one_seed_results\ablation\45_fafem_residual_frequency_guided_mscb_stage3_stronger_init_warmup_cosine\seed_7777\best_checkpoint.pth","one_seed_results\ablation\45_fafem_residual_frequency_guided_mscb_stage3_stronger_init_warmup_cosine\seed_7777\evaluation_summary.json","",""
"one_seed_45_fafem_residual_frequency_guided_mscb_stage3_stronger_init_warmup_cosine","Exp45","7777","Kvasir-SEG","S_alpha","0.9346255591869875","VALID FOR FINAL ABLATION","P-WC200-LW","C:\Users\jafari.h\Desktop\ai_project\ConvNeXt_Unet\one_seed_results\ablation\45_fafem_residual_frequency_guided_mscb_stage3_stronger_init_warmup_cosine\seed_7777\best_checkpoint.pth","one_seed_results\ablation\45_fafem_residual_frequency_guided_mscb_stage3_stronger_init_warmup_cosine\seed_7777\evaluation_summary.json","",""
"one_seed_45_fafem_residual_frequency_guided_mscb_stage3_stronger_init_warmup_cosine","Exp45","7777","Kvasir-SEG","F_beta_w","0.91432347322634","VALID FOR FINAL ABLATION","P-WC200-LW","C:\Users\jafari.h\Desktop\ai_project\ConvNeXt_Unet\one_seed_results\ablation\45_fafem_residual_frequency_guided_mscb_stage3_stronger_init_warmup_cosine\seed_7777\best_checkpoint.pth","one_seed_results\ablation\45_fafem_residual_frequency_guided_mscb_stage3_stronger_init_warmup_cosine\seed_7777\evaluation_summary.json","",""
"one_seed_45_fafem_residual_frequency_guided_mscb_stage3_stronger_init_warmup_cosine","Exp45","7777","Kvasir-SEG","maxE_phi","0.967759145321083","VALID FOR FINAL ABLATION","P-WC200-LW","C:\Users\jafari.h\Desktop\ai_project\ConvNeXt_Unet\one_seed_results\ablation\45_fafem_residual_frequency_guided_mscb_stage3_stronger_init_warmup_cosine\seed_7777\best_checkpoint.pth","one_seed_results\ablation\45_fafem_residual_frequency_guided_mscb_stage3_stronger_init_warmup_cosine\seed_7777\evaluation_summary.json","",""
"one_seed_45_fafem_residual_frequency_guided_mscb_stage3_stronger_init_warmup_cosine","Exp45","7777","Kvasir-SEG","mE_phi","0.9614603833646481","VALID FOR FINAL ABLATION","P-WC200-LW","C:\Users\jafari.h\Desktop\ai_project\ConvNeXt_Unet\one_seed_results\ablation\45_fafem_residual_frequency_guided_mscb_stage3_stronger_init_warmup_cosine\seed_7777\best_checkpoint.pth","one_seed_results\ablation\45_fafem_residual_frequency_guided_mscb_stage3_stronger_init_warmup_cosine\seed_7777\evaluation_summary.json","",""
"one_seed_45_fafem_residual_frequency_guided_mscb_stage3_stronger_init_warmup_cosine","Exp45","7777","Kvasir-SEG","MAE","0.023784349364201693","VALID FOR FINAL ABLATION","P-WC200-LW","C:\Users\jafari.h\Desktop\ai_project\ConvNeXt_Unet\one_seed_results\ablation\45_fafem_residual_frequency_guided_mscb_stage3_stronger_init_warmup_cosine\seed_7777\best_checkpoint.pth","one_seed_results\ablation\45_fafem_residual_frequency_guided_mscb_stage3_stronger_init_warmup_cosine\seed_7777\evaluation_summary.json","",""
"one_seed_42_fafem_mscb_lite_stage3_stage2_stage1_warmup_cosine","Exp42","42","CVC-300","mDice","0.8904667302966118","EXPLORATORY ONLY","P-WC200-LW","C:\Users\jafari.h\Desktop\ai_project\ConvNeXt_Unet\one_seed_results\ablation\42_fafem_mscb_lite_stage3_stage2_stage1_warmup_cosine\seed_42\best_checkpoint.pth","one_seed_results\ablation\42_fafem_mscb_lite_stage3_stage2_stage1_warmup_cosine\seed_42\evaluation_summary.json","",""
"one_seed_42_fafem_mscb_lite_stage3_stage2_stage1_warmup_cosine","Exp42","42","CVC-300","mIoU","0.8186997232337793","EXPLORATORY ONLY","P-WC200-LW","C:\Users\jafari.h\Desktop\ai_project\ConvNeXt_Unet\one_seed_results\ablation\42_fafem_mscb_lite_stage3_stage2_stage1_warmup_cosine\seed_42\best_checkpoint.pth","one_seed_results\ablation\42_fafem_mscb_lite_stage3_stage2_stage1_warmup_cosine\seed_42\evaluation_summary.json","",""
"one_seed_42_fafem_mscb_lite_stage3_stage2_stage1_warmup_cosine","Exp42","42","CVC-300","S_alpha","0.9335559861486172","EXPLORATORY ONLY","P-WC200-LW","C:\Users\jafari.h\Desktop\ai_project\ConvNeXt_Unet\one_seed_results\ablation\42_fafem_mscb_lite_stage3_stage2_stage1_warmup_cosine\seed_42\best_checkpoint.pth","one_seed_results\ablation\42_fafem_mscb_lite_stage3_stage2_stage1_warmup_cosine\seed_42\evaluation_summary.json","",""
"one_seed_42_fafem_mscb_lite_stage3_stage2_stage1_warmup_cosine","Exp42","42","CVC-300","F_beta_w","0.8650264442823516","EXPLORATORY ONLY","P-WC200-LW","C:\Users\jafari.h\Desktop\ai_project\ConvNeXt_Unet\one_seed_results\ablation\42_fafem_mscb_lite_stage3_stage2_stage1_warmup_cosine\seed_42\best_checkpoint.pth","one_seed_results\ablation\42_fafem_mscb_lite_stage3_stage2_stage1_warmup_cosine\seed_42\evaluation_summary.json","",""
"one_seed_42_fafem_mscb_lite_stage3_stage2_stage1_warmup_cosine","Exp42","42","CVC-300","maxE_phi","0.9716455347310258","EXPLORATORY ONLY","P-WC200-LW","C:\Users\jafari.h\Desktop\ai_project\ConvNeXt_Unet\one_seed_results\ablation\42_fafem_mscb_lite_stage3_stage2_stage1_warmup_cosine\seed_42\best_checkpoint.pth","one_seed_results\ablation\42_fafem_mscb_lite_stage3_stage2_stage1_warmup_cosine\seed_42\evaluation_summary.json","",""
"one_seed_42_fafem_mscb_lite_stage3_stage2_stage1_warmup_cosine","Exp42","42","CVC-300","mE_phi","0.9605479833082571","EXPLORATORY ONLY","P-WC200-LW","C:\Users\jafari.h\Desktop\ai_project\ConvNeXt_Unet\one_seed_results\ablation\42_fafem_mscb_lite_stage3_stage2_stage1_warmup_cosine\seed_42\best_checkpoint.pth","one_seed_results\ablation\42_fafem_mscb_lite_stage3_stage2_stage1_warmup_cosine\seed_42\evaluation_summary.json","",""
"one_seed_42_fafem_mscb_lite_stage3_stage2_stage1_warmup_cosine","Exp42","42","CVC-300","MAE","0.006866343734409231","EXPLORATORY ONLY","P-WC200-LW","C:\Users\jafari.h\Desktop\ai_project\ConvNeXt_Unet\one_seed_results\ablation\42_fafem_mscb_lite_stage3_stage2_stage1_warmup_cosine\seed_42\best_checkpoint.pth","one_seed_results\ablation\42_fafem_mscb_lite_stage3_stage2_stage1_warmup_cosine\seed_42\evaluation_summary.json","",""
"one_seed_42_fafem_mscb_lite_stage3_stage2_stage1_warmup_cosine","Exp42","42","CVC-ClinicDB","mDice","0.943984946896953","EXPLORATORY ONLY","P-WC200-LW","C:\Users\jafari.h\Desktop\ai_project\ConvNeXt_Unet\one_seed_results\ablation\42_fafem_mscb_lite_stage3_stage2_stage1_warmup_cosine\seed_42\best_checkpoint.pth","one_seed_results\ablation\42_fafem_mscb_lite_stage3_stage2_stage1_warmup_cosine\seed_42\evaluation_summary.json","",""
"one_seed_42_fafem_mscb_lite_stage3_stage2_stage1_warmup_cosine","Exp42","42","CVC-ClinicDB","mIoU","0.8955367313277337","EXPLORATORY ONLY","P-WC200-LW","C:\Users\jafari.h\Desktop\ai_project\ConvNeXt_Unet\one_seed_results\ablation\42_fafem_mscb_lite_stage3_stage2_stage1_warmup_cosine\seed_42\best_checkpoint.pth","one_seed_results\ablation\42_fafem_mscb_lite_stage3_stage2_stage1_warmup_cosine\seed_42\evaluation_summary.json","",""
"one_seed_42_fafem_mscb_lite_stage3_stage2_stage1_warmup_cosine","Exp42","42","CVC-ClinicDB","S_alpha","0.9524153021207218","EXPLORATORY ONLY","P-WC200-LW","C:\Users\jafari.h\Desktop\ai_project\ConvNeXt_Unet\one_seed_results\ablation\42_fafem_mscb_lite_stage3_stage2_stage1_warmup_cosine\seed_42\best_checkpoint.pth","one_seed_results\ablation\42_fafem_mscb_lite_stage3_stage2_stage1_warmup_cosine\seed_42\evaluation_summary.json","",""
"one_seed_42_fafem_mscb_lite_stage3_stage2_stage1_warmup_cosine","Exp42","42","CVC-ClinicDB","F_beta_w","0.9346015157904166","EXPLORATORY ONLY","P-WC200-LW","C:\Users\jafari.h\Desktop\ai_project\ConvNeXt_Unet\one_seed_results\ablation\42_fafem_mscb_lite_stage3_stage2_stage1_warmup_cosine\seed_42\best_checkpoint.pth","one_seed_results\ablation\42_fafem_mscb_lite_stage3_stage2_stage1_warmup_cosine\seed_42\evaluation_summary.json","",""
"one_seed_42_fafem_mscb_lite_stage3_stage2_stage1_warmup_cosine","Exp42","42","CVC-ClinicDB","maxE_phi","0.9884368726351099","EXPLORATORY ONLY","P-WC200-LW","C:\Users\jafari.h\Desktop\ai_project\ConvNeXt_Unet\one_seed_results\ablation\42_fafem_mscb_lite_stage3_stage2_stage1_warmup_cosine\seed_42\best_checkpoint.pth","one_seed_results\ablation\42_fafem_mscb_lite_stage3_stage2_stage1_warmup_cosine\seed_42\evaluation_summary.json","",""
"one_seed_42_fafem_mscb_lite_stage3_stage2_stage1_warmup_cosine","Exp42","42","CVC-ClinicDB","mE_phi","0.983858003552927","EXPLORATORY ONLY","P-WC200-LW","C:\Users\jafari.h\Desktop\ai_project\ConvNeXt_Unet\one_seed_results\ablation\42_fafem_mscb_lite_stage3_stage2_stage1_warmup_cosine\seed_42\best_checkpoint.pth","one_seed_results\ablation\42_fafem_mscb_lite_stage3_stage2_stage1_warmup_cosine\seed_42\evaluation_summary.json","",""
"one_seed_42_fafem_mscb_lite_stage3_stage2_stage1_warmup_cosine","Exp42","42","CVC-ClinicDB","MAE","0.009862069302844702","EXPLORATORY ONLY","P-WC200-LW","C:\Users\jafari.h\Desktop\ai_project\ConvNeXt_Unet\one_seed_results\ablation\42_fafem_mscb_lite_stage3_stage2_stage1_warmup_cosine\seed_42\best_checkpoint.pth","one_seed_results\ablation\42_fafem_mscb_lite_stage3_stage2_stage1_warmup_cosine\seed_42\evaluation_summary.json","",""
"one_seed_42_fafem_mscb_lite_stage3_stage2_stage1_warmup_cosine","Exp42","42","CVC-ColonDB","mDice","0.78843953683937","EXPLORATORY ONLY","P-WC200-LW","C:\Users\jafari.h\Desktop\ai_project\ConvNeXt_Unet\one_seed_results\ablation\42_fafem_mscb_lite_stage3_stage2_stage1_warmup_cosine\seed_42\best_checkpoint.pth","one_seed_results\ablation\42_fafem_mscb_lite_stage3_stage2_stage1_warmup_cosine\seed_42\evaluation_summary.json","",""
"one_seed_42_fafem_mscb_lite_stage3_stage2_stage1_warmup_cosine","Exp42","42","CVC-ColonDB","mIoU","0.7104191648623261","EXPLORATORY ONLY","P-WC200-LW","C:\Users\jafari.h\Desktop\ai_project\ConvNeXt_Unet\one_seed_results\ablation\42_fafem_mscb_lite_stage3_stage2_stage1_warmup_cosine\seed_42\best_checkpoint.pth","one_seed_results\ablation\42_fafem_mscb_lite_stage3_stage2_stage1_warmup_cosine\seed_42\evaluation_summary.json","",""
"one_seed_42_fafem_mscb_lite_stage3_stage2_stage1_warmup_cosine","Exp42","42","CVC-ColonDB","S_alpha","0.8579967866163043","EXPLORATORY ONLY","P-WC200-LW","C:\Users\jafari.h\Desktop\ai_project\ConvNeXt_Unet\one_seed_results\ablation\42_fafem_mscb_lite_stage3_stage2_stage1_warmup_cosine\seed_42\best_checkpoint.pth","one_seed_results\ablation\42_fafem_mscb_lite_stage3_stage2_stage1_warmup_cosine\seed_42\evaluation_summary.json","",""
"one_seed_42_fafem_mscb_lite_stage3_stage2_stage1_warmup_cosine","Exp42","42","CVC-ColonDB","F_beta_w","0.7690705144334605","EXPLORATORY ONLY","P-WC200-LW","C:\Users\jafari.h\Desktop\ai_project\ConvNeXt_Unet\one_seed_results\ablation\42_fafem_mscb_lite_stage3_stage2_stage1_warmup_cosine\seed_42\best_checkpoint.pth","one_seed_results\ablation\42_fafem_mscb_lite_stage3_stage2_stage1_warmup_cosine\seed_42\evaluation_summary.json","",""
"one_seed_42_fafem_mscb_lite_stage3_stage2_stage1_warmup_cosine","Exp42","42","CVC-ColonDB","maxE_phi","0.8986025080298007","EXPLORATORY ONLY","P-WC200-LW","C:\Users\jafari.h\Desktop\ai_project\ConvNeXt_Unet\one_seed_results\ablation\42_fafem_mscb_lite_stage3_stage2_stage1_warmup_cosine\seed_42\best_checkpoint.pth","one_seed_results\ablation\42_fafem_mscb_lite_stage3_stage2_stage1_warmup_cosine\seed_42\evaluation_summary.json","",""
"one_seed_42_fafem_mscb_lite_stage3_stage2_stage1_warmup_cosine","Exp42","42","CVC-ColonDB","mE_phi","0.891932341003437","EXPLORATORY ONLY","P-WC200-LW","C:\Users\jafari.h\Desktop\ai_project\ConvNeXt_Unet\one_seed_results\ablation\42_fafem_mscb_lite_stage3_stage2_stage1_warmup_cosine\seed_42\best_checkpoint.pth","one_seed_results\ablation\42_fafem_mscb_lite_stage3_stage2_stage1_warmup_cosine\seed_42\evaluation_summary.json","",""
"one_seed_42_fafem_mscb_lite_stage3_stage2_stage1_warmup_cosine","Exp42","42","CVC-ColonDB","MAE","0.03401555537782058","EXPLORATORY ONLY","P-WC200-LW","C:\Users\jafari.h\Desktop\ai_project\ConvNeXt_Unet\one_seed_results\ablation\42_fafem_mscb_lite_stage3_stage2_stage1_warmup_cosine\seed_42\best_checkpoint.pth","one_seed_results\ablation\42_fafem_mscb_lite_stage3_stage2_stage1_warmup_cosine\seed_42\evaluation_summary.json","",""
"one_seed_42_fafem_mscb_lite_stage3_stage2_stage1_warmup_cosine","Exp42","42","ETIS-LaribPolypDB","mDice","0.7774521016939896","EXPLORATORY ONLY","P-WC200-LW","C:\Users\jafari.h\Desktop\ai_project\ConvNeXt_Unet\one_seed_results\ablation\42_fafem_mscb_lite_stage3_stage2_stage1_warmup_cosine\seed_42\best_checkpoint.pth","one_seed_results\ablation\42_fafem_mscb_lite_stage3_stage2_stage1_warmup_cosine\seed_42\evaluation_summary.json","",""
"one_seed_42_fafem_mscb_lite_stage3_stage2_stage1_warmup_cosine","Exp42","42","ETIS-LaribPolypDB","mIoU","0.7027946765236435","EXPLORATORY ONLY","P-WC200-LW","C:\Users\jafari.h\Desktop\ai_project\ConvNeXt_Unet\one_seed_results\ablation\42_fafem_mscb_lite_stage3_stage2_stage1_warmup_cosine\seed_42\best_checkpoint.pth","one_seed_results\ablation\42_fafem_mscb_lite_stage3_stage2_stage1_warmup_cosine\seed_42\evaluation_summary.json","",""
"one_seed_42_fafem_mscb_lite_stage3_stage2_stage1_warmup_cosine","Exp42","42","ETIS-LaribPolypDB","S_alpha","0.8723550823918941","EXPLORATORY ONLY","P-WC200-LW","C:\Users\jafari.h\Desktop\ai_project\ConvNeXt_Unet\one_seed_results\ablation\42_fafem_mscb_lite_stage3_stage2_stage1_warmup_cosine\seed_42\best_checkpoint.pth","one_seed_results\ablation\42_fafem_mscb_lite_stage3_stage2_stage1_warmup_cosine\seed_42\evaluation_summary.json","",""
"one_seed_42_fafem_mscb_lite_stage3_stage2_stage1_warmup_cosine","Exp42","42","ETIS-LaribPolypDB","F_beta_w","0.7451525600237369","EXPLORATORY ONLY","P-WC200-LW","C:\Users\jafari.h\Desktop\ai_project\ConvNeXt_Unet\one_seed_results\ablation\42_fafem_mscb_lite_stage3_stage2_stage1_warmup_cosine\seed_42\best_checkpoint.pth","one_seed_results\ablation\42_fafem_mscb_lite_stage3_stage2_stage1_warmup_cosine\seed_42\evaluation_summary.json","",""
"one_seed_42_fafem_mscb_lite_stage3_stage2_stage1_warmup_cosine","Exp42","42","ETIS-LaribPolypDB","maxE_phi","0.8955573866526687","EXPLORATORY ONLY","P-WC200-LW","C:\Users\jafari.h\Desktop\ai_project\ConvNeXt_Unet\one_seed_results\ablation\42_fafem_mscb_lite_stage3_stage2_stage1_warmup_cosine\seed_42\best_checkpoint.pth","one_seed_results\ablation\42_fafem_mscb_lite_stage3_stage2_stage1_warmup_cosine\seed_42\evaluation_summary.json","",""
"one_seed_42_fafem_mscb_lite_stage3_stage2_stage1_warmup_cosine","Exp42","42","ETIS-LaribPolypDB","mE_phi","0.8847613161251525","EXPLORATORY ONLY","P-WC200-LW","C:\Users\jafari.h\Desktop\ai_project\ConvNeXt_Unet\one_seed_results\ablation\42_fafem_mscb_lite_stage3_stage2_stage1_warmup_cosine\seed_42\best_checkpoint.pth","one_seed_results\ablation\42_fafem_mscb_lite_stage3_stage2_stage1_warmup_cosine\seed_42\evaluation_summary.json","",""
"one_seed_42_fafem_mscb_lite_stage3_stage2_stage1_warmup_cosine","Exp42","42","ETIS-LaribPolypDB","MAE","0.0136117975113015","EXPLORATORY ONLY","P-WC200-LW","C:\Users\jafari.h\Desktop\ai_project\ConvNeXt_Unet\one_seed_results\ablation\42_fafem_mscb_lite_stage3_stage2_stage1_warmup_cosine\seed_42\best_checkpoint.pth","one_seed_results\ablation\42_fafem_mscb_lite_stage3_stage2_stage1_warmup_cosine\seed_42\evaluation_summary.json","",""
"one_seed_42_fafem_mscb_lite_stage3_stage2_stage1_warmup_cosine","Exp42","42","Kvasir-SEG","mDice","0.9294555342197418","EXPLORATORY ONLY","P-WC200-LW","C:\Users\jafari.h\Desktop\ai_project\ConvNeXt_Unet\one_seed_results\ablation\42_fafem_mscb_lite_stage3_stage2_stage1_warmup_cosine\seed_42\best_checkpoint.pth","one_seed_results\ablation\42_fafem_mscb_lite_stage3_stage2_stage1_warmup_cosine\seed_42\evaluation_summary.json","",""
"one_seed_42_fafem_mscb_lite_stage3_stage2_stage1_warmup_cosine","Exp42","42","Kvasir-SEG","mIoU","0.8796844109892845","EXPLORATORY ONLY","P-WC200-LW","C:\Users\jafari.h\Desktop\ai_project\ConvNeXt_Unet\one_seed_results\ablation\42_fafem_mscb_lite_stage3_stage2_stage1_warmup_cosine\seed_42\best_checkpoint.pth","one_seed_results\ablation\42_fafem_mscb_lite_stage3_stage2_stage1_warmup_cosine\seed_42\evaluation_summary.json","",""
"one_seed_42_fafem_mscb_lite_stage3_stage2_stage1_warmup_cosine","Exp42","42","Kvasir-SEG","S_alpha","0.9340016216674586","EXPLORATORY ONLY","P-WC200-LW","C:\Users\jafari.h\Desktop\ai_project\ConvNeXt_Unet\one_seed_results\ablation\42_fafem_mscb_lite_stage3_stage2_stage1_warmup_cosine\seed_42\best_checkpoint.pth","one_seed_results\ablation\42_fafem_mscb_lite_stage3_stage2_stage1_warmup_cosine\seed_42\evaluation_summary.json","",""
"one_seed_42_fafem_mscb_lite_stage3_stage2_stage1_warmup_cosine","Exp42","42","Kvasir-SEG","F_beta_w","0.9083908281009943","EXPLORATORY ONLY","P-WC200-LW","C:\Users\jafari.h\Desktop\ai_project\ConvNeXt_Unet\one_seed_results\ablation\42_fafem_mscb_lite_stage3_stage2_stage1_warmup_cosine\seed_42\best_checkpoint.pth","one_seed_results\ablation\42_fafem_mscb_lite_stage3_stage2_stage1_warmup_cosine\seed_42\evaluation_summary.json","",""
"one_seed_42_fafem_mscb_lite_stage3_stage2_stage1_warmup_cosine","Exp42","42","Kvasir-SEG","maxE_phi","0.9677321081261252","EXPLORATORY ONLY","P-WC200-LW","C:\Users\jafari.h\Desktop\ai_project\ConvNeXt_Unet\one_seed_results\ablation\42_fafem_mscb_lite_stage3_stage2_stage1_warmup_cosine\seed_42\best_checkpoint.pth","one_seed_results\ablation\42_fafem_mscb_lite_stage3_stage2_stage1_warmup_cosine\seed_42\evaluation_summary.json","",""
"one_seed_42_fafem_mscb_lite_stage3_stage2_stage1_warmup_cosine","Exp42","42","Kvasir-SEG","mE_phi","0.959948939717133","EXPLORATORY ONLY","P-WC200-LW","C:\Users\jafari.h\Desktop\ai_project\ConvNeXt_Unet\one_seed_results\ablation\42_fafem_mscb_lite_stage3_stage2_stage1_warmup_cosine\seed_42\best_checkpoint.pth","one_seed_results\ablation\42_fafem_mscb_lite_stage3_stage2_stage1_warmup_cosine\seed_42\evaluation_summary.json","",""
"one_seed_42_fafem_mscb_lite_stage3_stage2_stage1_warmup_cosine","Exp42","42","Kvasir-SEG","MAE","0.02391447932003238","EXPLORATORY ONLY","P-WC200-LW","C:\Users\jafari.h\Desktop\ai_project\ConvNeXt_Unet\one_seed_results\ablation\42_fafem_mscb_lite_stage3_stage2_stage1_warmup_cosine\seed_42\best_checkpoint.pth","one_seed_results\ablation\42_fafem_mscb_lite_stage3_stage2_stage1_warmup_cosine\seed_42\evaluation_summary.json","",""
"one_seed_01_baseline","Exp01","architecture","architecture","component","off","PROTOCOL MISMATCH","P-OLD350-PLATEAU","--","ablation_registry.py; ps_one_seed_ablation/01_baseline.ps1","FAFEM","false"
"one_seed_03_baseline_plus_fafem","Exp03","architecture","architecture","component","bottleneck","PROTOCOL MISMATCH","P-OLD350-PLATEAU","--","ablation_registry.py; ps_one_seed_ablation/03_baseline_plus_fafem.ps1","FAFEM","true"
"one_seed_33_fafem_warmup_cosine","Exp33","architecture","architecture","component","bottleneck","VALID FOR FINAL ABLATION","P-WC200-LW","--","ablation_registry.py; ps_one_seed_ablation/33_fafem_warmup_cosine.ps1","FAFEM","true"
"one_seed_37_fafem_mscb_lite_stage3_warmup_cosine","Exp37","architecture","architecture","component","stage3","VALID FOR FINAL ABLATION","P-WC200-LW","--","ablation_registry.py; ps_one_seed_ablation/37_fafem_mscb_lite_stage3_warmup_cosine.ps1","MSCB-lite","true"
"one_seed_41_fafem_mscb_lite_stage3_stage2_warmup_cosine","Exp41","architecture","architecture","component","stage3+stage2","EXPLORATORY ONLY","P-WC200-LW","--","ablation_registry.py; ps_one_seed_ablation/41_fafem_mscb_lite_stage3_stage2_warmup_cosine.ps1","MSCB-lite","true"
"one_seed_42_fafem_mscb_lite_stage3_stage2_stage1_warmup_cosine","Exp42","architecture","architecture","component","stage3+stage2+stage1","EXPLORATORY ONLY","P-WC200-LW","--","ablation_registry.py; ps_one_seed_ablation/42_fafem_mscb_lite_stage3_stage2_stage1_warmup_cosine.ps1","MSCB-lite","true"
"one_seed_43_fafem_frequency_guided_mscb_stage3_warmup_cosine","Exp43","architecture","architecture","component","direct_stage3","VALID FOR FINAL ABLATION","P-WC200-LW","--","ablation_registry.py; ps_one_seed_ablation/43_fafem_frequency_guided_mscb_stage3_warmup_cosine.ps1","frequency_guidance","true"
"one_seed_44_fafem_residual_frequency_guided_mscb_stage3_warmup_cosine","Exp44","architecture","architecture","component","stage3_default_init","INCOMPLETE","P-WC200-LW","--","ablation_registry.py; ps_one_seed_ablation/44_fafem_residual_frequency_guided_mscb_stage3_warmup_cosine.ps1","residual_frequency_guidance","true"
"one_seed_45_fafem_residual_frequency_guided_mscb_stage3_stronger_init_warmup_cosine","Exp45","architecture","architecture","component","stage3_strength_0.05","VALID FOR FINAL ABLATION","P-WC200-LW","--","ablation_registry.py; ps_one_seed_ablation/45_fafem_residual_frequency_guided_mscb_stage3_stronger_init_warmup_cosine.ps1","residual_frequency_guidance","true"
"one_seed_48_fafem_residual_frequency_guided_mscb_all_skips_warmup_cosine","Exp48","architecture","architecture","component","all_skips","NOT VERIFIED","P-WC200-LW","--","ablation_registry.py; ps_one_seed_ablation/48_fafem_residual_frequency_guided_mscb_all_skips_warmup_cosine.ps1","residual_frequency_guidance","true"
"one_seed_49_fafem_residual_frequency_guided_mscb_all_skips_batch32","Exp49","architecture","architecture","component","all_skips","PROTOCOL MISMATCH","P-WC200-LW-B32","--","ablation_registry.py; ps_one_seed_ablation/49_fafem_residual_frequency_guided_mscb_all_skips_batch32.ps1","residual_frequency_guidance","true"
